"Name","Platform","Compiles","CompilesDouble","Uses","UsesDouble","PermutationString"
"/ControlRig/Controls/ControlRigGizmoMaterial.ControlRigGizmoMaterial","21","0","0","2","0","Compiling ControlRigGizmoMaterial: Platform=SF_VULKAN_ES31_ANDROID, Usage=LightingModel=MSM_Unlit, BlendMode=BLEND_Opaque, SpecialEngine=0, TwoSided=0, TSNormal=1, Masked=0, Distorted=0, WritesEveryPixel=1, ModifiesMeshPosition=0, Usage={}"
"/Engine/EngineDebugMaterials/DebugEditorMaterial.DebugEditorMaterial","21","0","0","4","0","Compiling DebugEditorMaterial: Platform=SF_VULKAN_ES31_ANDROID, Usage=LightingModel=MSM_Unlit, BlendMode=BLEND_Opaque, SpecialEngine=0, TwoSided=1, TSNormal=1, Masked=0, Distorted=0, WritesEveryPixel=1, ModifiesMeshPosition=0, Usage={}"
"/Engine/EngineMaterials/GizmoMaterial.GizmoMaterial","21","0","0","4","0","Compiling GizmoMaterial: Platform=SF_VULKAN_ES31_ANDROID, Usage=LightingModel=MSM_Unlit, BlendMode=BLEND_Opaque, SpecialEngine=0, TwoSided=1, TSNormal=1, Masked=0, Distorted=0, WritesEveryPixel=1, ModifiesMeshPosition=0, Usage={}"
"/Engine/EngineDebugMaterials/DebugMeshMaterial.DebugMeshMaterial","21","0","0","2","0","Compiling DebugMeshMaterial: Platform=SF_VULKAN_ES31_ANDROID, Usage=LightingModel=MSM_Unlit, BlendMode=BLEND_Translucent, SpecialEngine=0, TwoSided=1, TSNormal=1, Masked=0, Distorted=0, WritesEveryPixel=1, ModifiesMeshPosition=0, Usage={}"
"/Engine/EngineMaterials/RemoveSurfaceMaterial.RemoveSurfaceMaterial","21","0","0","2","0","Compiling RemoveSurfaceMaterial: Platform=SF_VULKAN_ES31_ANDROID, Usage=LightingModel=MSM_Unlit, BlendMode=BLEND_Opaque, SpecialEngine=0, TwoSided=0, TSNormal=1, Masked=0, Distorted=0, WritesEveryPixel=1, ModifiesMeshPosition=0, Usage={bUsedWithStaticLighting}"
"/OculusVR/Materials/OculusMR_OpaqueColoredMaterial.OculusMR_OpaqueColoredMaterial","21","0","0","2","0","Compiling OculusMR_OpaqueColoredMaterial: Platform=SF_VULKAN_ES31_ANDROID, Usage=LightingModel=MSM_Unlit, BlendMode=BLEND_Opaque, SpecialEngine=0, TwoSided=0, TSNormal=1, Masked=0, Distorted=0, WritesEveryPixel=1, ModifiesMeshPosition=0, Usage={}"
"/OculusVR/Materials/PokeAHoleMaterial.PokeAHoleMaterial","21","0","0","2","0","Compiling PokeAHoleMaterial: Platform=SF_VULKAN_ES31_ANDROID, Usage=LightingModel=MSM_Unlit, BlendMode=BLEND_Translucent, SpecialEngine=0, TwoSided=0, TSNormal=1, Masked=0, Distorted=0, WritesEveryPixel=1, ModifiesMeshPosition=0, Usage={bUsedWithStaticLighting}"
"/HairStrands/Materials/HairMeshesDefaultMaterial.HairMeshesDefaultMaterial","21","0","0","34","0","Compiling HairMeshesDefaultMaterial: Platform=SF_VULKAN_ES31_ANDROID, Usage=LightingModel=MSM_DefaultLit|Unknown, BlendMode=BLEND_Opaque, SpecialEngine=0, TwoSided=1, TSNormal=1, Masked=0, Distorted=0, WritesEveryPixel=1, ModifiesMeshPosition=0, Usage={bUsedWithHairStrands}"
"/HairStrands/Materials/HairCardsDefaultMaterial.HairCardsDefaultMaterial","21","0","0","44","0","Compiling HairCardsDefaultMaterial: Platform=SF_VULKAN_ES31_ANDROID, Usage=LightingModel=MSM_DefaultLit|Unknown, BlendMode=BLEND_Masked, SpecialEngine=0, TwoSided=1, TSNormal=1, Masked=1, Distorted=0, WritesEveryPixel=0, ModifiesMeshPosition=1, Usage={bUsedWithHairStrands}"
"/HairStrands/Materials/HairDefaultMaterial.HairDefaultMaterial","21","0","0","34","0","Compiling HairDefaultMaterial: Platform=SF_VULKAN_ES31_ANDROID, Usage=LightingModel=Unknown, BlendMode=BLEND_Opaque, SpecialEngine=0, TwoSided=1, TSNormal=1, Masked=0, Distorted=0, WritesEveryPixel=1, ModifiesMeshPosition=0, Usage={bUsedWithHairStrands}"
"/Engine/EngineDebugMaterials/M_SimpleUnlitTranslucent.M_SimpleUnlitTranslucent","21","0","0","2","0","Compiling M_SimpleUnlitTranslucent: Platform=SF_VULKAN_ES31_ANDROID, Usage=LightingModel=MSM_Unlit, BlendMode=BLEND_Translucent, SpecialEngine=0, TwoSided=0, TSNormal=1, Masked=0, Distorted=0, WritesEveryPixel=1, ModifiesMeshPosition=0, Usage={}"
"/Engine/EditorMaterials/Camera/CineMat.CineMat","21","0","0","30","0","Compiling CineMat: Platform=SF_VULKAN_ES31_ANDROID, Usage=LightingModel=MSM_DefaultLit, BlendMode=BLEND_Opaque, SpecialEngine=0, TwoSided=0, TSNormal=1, Masked=0, Distorted=0, WritesEveryPixel=1, ModifiesMeshPosition=0, Usage={bUsedWithSplineMeshes,bUsedWithNanite}"
"/Engine/VREditor/TransformGizmo/Xray.Xray","21","0","0","15","0","Compiling Xray: Platform=SF_VULKAN_ES31_ANDROID, Usage=LightingModel=MSM_DefaultLit, BlendMode=BLEND_Opaque, SpecialEngine=0, TwoSided=0, TSNormal=1, Masked=0, Distorted=0, WritesEveryPixel=1, ModifiesMeshPosition=0, Usage={bUsedWithNanite}"
"/Engine/VREditor/TransformGizmo/Main.Main","21","0","0","2","0","Compiling Main: Platform=SF_VULKAN_ES31_ANDROID, Usage=LightingModel=MSM_Unlit, BlendMode=BLEND_Translucent, SpecialEngine=0, TwoSided=0, TSNormal=1, Masked=0, Distorted=0, WritesEveryPixel=1, ModifiesMeshPosition=0, Usage={bUsedWithNanite}"
"/Engine/VREditor/TransformGizmo/TranslucentTransformGizmoMaterial.TranslucentTransformGizmoMaterial","21","0","0","2","0","Compiling TranslucentTransformGizmoMaterial: Platform=SF_VULKAN_ES31_ANDROID, Usage=LightingModel=MSM_Unlit, BlendMode=BLEND_Translucent, SpecialEngine=0, TwoSided=0, TSNormal=1, Masked=0, Distorted=0, WritesEveryPixel=1, ModifiesMeshPosition=0, Usage={bUsedWithNanite}"
"/Engine/EngineMaterials/DefaultLightFunctionMaterial.DefaultLightFunctionMaterial","21","0","0","4","0","Compiling DefaultLightFunctionMaterial: Platform=SF_VULKAN_ES31_ANDROID, Usage=LightingModel=MSM_Unlit, BlendMode=BLEND_Opaque, SpecialEngine=0, TwoSided=0, TSNormal=1, Masked=0, Distorted=0, WritesEveryPixel=1, ModifiesMeshPosition=0, Usage={}"
"/Game/VRTemplate/Materials/M_VRCursor.M_VRCursor","21","0","0","2","0","Compiling M_VRCursor: Platform=SF_VULKAN_ES31_ANDROID, Usage=LightingModel=MSM_Unlit, BlendMode=BLEND_Opaque, SpecialEngine=0, TwoSided=0, TSNormal=1, Masked=0, Distorted=0, WritesEveryPixel=1, ModifiesMeshPosition=0, Usage={}"
"/Game/VRTemplate/Materials/M_Projectile.M_Projectile","21","0","0","15","0","Compiling M_Projectile: Platform=SF_VULKAN_ES31_ANDROID, Usage=LightingModel=MSM_DefaultLit, BlendMode=BLEND_Opaque, SpecialEngine=0, TwoSided=0, TSNormal=1, Masked=0, Distorted=0, WritesEveryPixel=1, ModifiesMeshPosition=0, Usage={}"
"/Game/VRTemplate/Materials/DefaultRibbonMaterial_NoGradient.DefaultRibbonMaterial_NoGradient","21","0","0","12","0","Compiling DefaultRibbonMaterial_NoGradient: Platform=SF_VULKAN_ES31_ANDROID, Usage=LightingModel=MSM_Unlit, BlendMode=BLEND_Additive, SpecialEngine=0, TwoSided=0, TSNormal=1, Masked=0, Distorted=0, WritesEveryPixel=1, ModifiesMeshPosition=0, Usage={bUsedWithParticleSprites,bUsedWithNiagaraSprites,bUsedWithNiagaraRibbons}"
"/Game/StarterContent/Props/Materials/M_MaterialSphere_Plain.M_MaterialSphere_Plain","21","15","0","1","132","Compiling M_MaterialSphere_Plain: Platform=SF_VULKAN_ES31_ANDROID, Usage=LightingModel=MSM_DefaultLit, BlendMode=BLEND_Opaque, SpecialEngine=0, TwoSided=0, TSNormal=1, Masked=0, Distorted=0, WritesEveryPixel=1, ModifiesMeshPosition=0, Usage={}"
"/Game/StarterContent/Props/Materials/M_MaterialSphere.M_MaterialSphere","21","15","0","7","99","Compiling M_MaterialSphere: Platform=SF_VULKAN_ES31_ANDROID, Usage=LightingModel=MSM_DefaultLit, BlendMode=BLEND_Opaque, SpecialEngine=0, TwoSided=0, TSNormal=1, Masked=0, Distorted=0, WritesEveryPixel=1, ModifiesMeshPosition=0, Usage={}"
"/Game/StarterContent/Particles/Materials/m_flare_01.m_flare_01","21","8","0","8","10","Compiling m_flare_01: Platform=SF_VULKAN_ES31_ANDROID, Usage=LightingModel=MSM_Unlit, BlendMode=BLEND_Additive, SpecialEngine=0, TwoSided=0, TSNormal=1, Masked=0, Distorted=0, WritesEveryPixel=1, ModifiesMeshPosition=0, Usage={bUsedWithParticleSprites,bUsedWithBeamTrails}"
"/Game/StarterContent/Materials/M_Glass.M_Glass","21","32","0","1","556","Compiling M_Glass: Platform=SF_VULKAN_ES31_ANDROID, Usage=LightingModel=MSM_DefaultLit, BlendMode=BLEND_Translucent, SpecialEngine=0, TwoSided=0, TSNormal=1, Masked=0, Distorted=1, WritesEveryPixel=1, ModifiesMeshPosition=0, Usage={bUsedWithStaticLighting}"
"/Game/StarterContent/Materials/M_Basic_Wall.M_Basic_Wall","21","45","0","1","1079","Compiling M_Basic_Wall: Platform=SF_VULKAN_ES31_ANDROID, Usage=LightingModel=MSM_DefaultLit, BlendMode=BLEND_Opaque, SpecialEngine=0, TwoSided=0, TSNormal=1, Masked=0, Distorted=0, WritesEveryPixel=1, ModifiesMeshPosition=0, Usage={bUsedWithStaticLighting}"
"/Game/StarterContent/Materials/M_Basic_Floor.M_Basic_Floor","21","45","0","1","1079","Compiling M_Basic_Floor: Platform=SF_VULKAN_ES31_ANDROID, Usage=LightingModel=MSM_DefaultLit, BlendMode=BLEND_Opaque, SpecialEngine=0, TwoSided=0, TSNormal=1, Masked=0, Distorted=0, WritesEveryPixel=1, ModifiesMeshPosition=0, Usage={bUsedWithStaticLighting}"
"/Game/StarterContent/Materials/M_AssetPlatform.M_AssetPlatform","21","45","0","1","1079","Compiling M_AssetPlatform: Platform=SF_VULKAN_ES31_ANDROID, Usage=LightingModel=MSM_DefaultLit, BlendMode=BLEND_Opaque, SpecialEngine=0, TwoSided=0, TSNormal=1, Masked=0, Distorted=0, WritesEveryPixel=1, ModifiesMeshPosition=0, Usage={bUsedWithStaticLighting}"
"/Game/StarterContent/Blueprints/Assets/M_LightStage_Arrows.M_LightStage_Arrows","21","2","0","2","3","Compiling M_LightStage_Arrows: Platform=SF_VULKAN_ES31_ANDROID, Usage=LightingModel=MSM_Unlit, BlendMode=BLEND_Opaque, SpecialEngine=0, TwoSided=0, TSNormal=1, Masked=0, Distorted=0, WritesEveryPixel=1, ModifiesMeshPosition=0, Usage={}"
"/Game/MaterialFunctionCollection/ShowcaseAssets/ExampleContent/Assets/Materials/M_TextBox_Color.M_TextBox_Color","21","17","0","1","169","Compiling M_TextBox_Color: Platform=SF_VULKAN_ES31_ANDROID, Usage=LightingModel=MSM_DefaultLit, BlendMode=BLEND_Opaque, SpecialEngine=0, TwoSided=1, TSNormal=1, Masked=0, Distorted=0, WritesEveryPixel=1, ModifiesMeshPosition=0, Usage={}"
"/Game/MaterialFunctionCollection/ShowcaseAssets/DemoRoom/Materials/M_DemoWall.M_DemoWall","21","47","0","1","1174","Compiling M_DemoWall: Platform=SF_VULKAN_ES31_ANDROID, Usage=LightingModel=MSM_DefaultLit, BlendMode=BLEND_Opaque, SpecialEngine=0, TwoSided=1, TSNormal=1, Masked=0, Distorted=0, WritesEveryPixel=1, ModifiesMeshPosition=0, Usage={bUsedWithStaticLighting}"
"/Game/FPWeapon/Materials/BaseMaterial.BaseMaterial","21","60","0","1","1889","Compiling BaseMaterial: Platform=SF_VULKAN_ES31_ANDROID, Usage=LightingModel=MSM_DefaultLit, BlendMode=BLEND_Opaque, SpecialEngine=0, TwoSided=0, TSNormal=1, Masked=0, Distorted=0, WritesEveryPixel=1, ModifiesMeshPosition=0, Usage={bUsedWithSkeletalMesh,bUsedWithStaticLighting}"
"/Engine/EditorMeshes/ColorCalibrator/M_ChromeBall.M_ChromeBall","21","60","0","1","1863","Compiling M_ChromeBall: Platform=SF_VULKAN_ES31_ANDROID, Usage=LightingModel=MSM_DefaultLit, BlendMode=BLEND_Opaque, SpecialEngine=0, TwoSided=0, TSNormal=1, Masked=0, Distorted=0, WritesEveryPixel=1, ModifiesMeshPosition=0, Usage={bUsedWithSkeletalMesh,bUsedWithStaticLighting}"
"/Engine/EditorMeshes/ColorCalibrator/M_ClearCoat.M_ClearCoat","21","45","0","1","1062","Compiling M_ClearCoat: Platform=SF_VULKAN_ES31_ANDROID, Usage=LightingModel=MSM_ClearCoat, BlendMode=BLEND_Opaque, SpecialEngine=0, TwoSided=0, TSNormal=1, Masked=0, Distorted=0, WritesEveryPixel=1, ModifiesMeshPosition=0, Usage={bUsedWithStaticLighting}"
"/Engine/EditorMeshes/ColorCalibrator/M_ClearCoatBlack.M_ClearCoatBlack","21","45","0","1","1066","Compiling M_ClearCoatBlack: Platform=SF_VULKAN_ES31_ANDROID, Usage=LightingModel=MSM_DefaultLit, BlendMode=BLEND_Opaque, SpecialEngine=0, TwoSided=0, TSNormal=1, Masked=0, Distorted=0, WritesEveryPixel=1, ModifiesMeshPosition=0, Usage={bUsedWithStaticLighting}"
"/Engine/EditorMeshes/ColorCalibrator/M_GreyBall.M_GreyBall","21","45","0","1","1074","Compiling M_GreyBall: Platform=SF_VULKAN_ES31_ANDROID, Usage=LightingModel=MSM_DefaultLit, BlendMode=BLEND_Opaque, SpecialEngine=0, TwoSided=0, TSNormal=1, Masked=0, Distorted=0, WritesEveryPixel=1, ModifiesMeshPosition=0, Usage={bUsedWithStaticLighting}"
"/Game/LevelPrototyping/Materials/M_Solid.M_Solid","21","0","0","30","0","Compiling M_Solid: Platform=SF_VULKAN_ES31_ANDROID, Usage=LightingModel=MSM_DefaultLit, BlendMode=BLEND_Opaque, SpecialEngine=0, TwoSided=0, TSNormal=1, Masked=0, Distorted=0, WritesEveryPixel=1, ModifiesMeshPosition=0, Usage={bUsedWithSkeletalMesh}"
"/Engine/BasicShapes/BasicShapeMaterial.BasicShapeMaterial","21","0","0","150","0","Compiling BasicShapeMaterial: Platform=SF_VULKAN_ES31_ANDROID, Usage=LightingModel=MSM_DefaultLit, BlendMode=BLEND_Opaque, SpecialEngine=0, TwoSided=0, TSNormal=1, Masked=0, Distorted=0, WritesEveryPixel=1, ModifiesMeshPosition=0, Usage={bUsedWithSkeletalMesh,bUsedWithStaticLighting,bUsedWithInstancedStaticMeshes,bUsedWithGeometryCollections,bUsedWithNanite}"
"/Engine/VREditor/Devices/Generic/GenericHMDMaterial.GenericHMDMaterial","21","0","0","15","0","Compiling GenericHMDMaterial: Platform=SF_VULKAN_ES31_ANDROID, Usage=LightingModel=MSM_DefaultLit, BlendMode=BLEND_Opaque, SpecialEngine=0, TwoSided=0, TSNormal=1, Masked=0, Distorted=0, WritesEveryPixel=1, ModifiesMeshPosition=0, Usage={}"
"/Engine/EngineMaterials/FlattenMaterial_WS_Normal_VT.FlattenMaterial_WS_Normal_VT","21","0","0","75","0","Compiling FlattenMaterial_WS_Normal_VT: Platform=SF_VULKAN_ES31_ANDROID, Usage=LightingModel=MSM_DefaultLit, BlendMode=BLEND_Opaque, SpecialEngine=0, TwoSided=0, TSNormal=0, Masked=0, Distorted=0, WritesEveryPixel=1, ModifiesMeshPosition=0, Usage={bUsedWithSkeletalMesh,bUsedWithStaticLighting,bUsedWithMorphTargets,bUsedWithNanite}"
"/Engine/EngineMaterials/FlattenMaterial_VT.FlattenMaterial_VT","21","0","0","75","0","Compiling FlattenMaterial_VT: Platform=SF_VULKAN_ES31_ANDROID, Usage=LightingModel=MSM_DefaultLit, BlendMode=BLEND_Opaque, SpecialEngine=0, TwoSided=0, TSNormal=1, Masked=0, Distorted=0, WritesEveryPixel=1, ModifiesMeshPosition=0, Usage={bUsedWithSkeletalMesh,bUsedWithStaticLighting,bUsedWithMorphTargets,bUsedWithNanite}"
"/Engine/EngineMaterials/M_InvalidLightmapSettings.M_InvalidLightmapSettings","21","0","0","30","0","Compiling M_InvalidLightmapSettings: Platform=SF_VULKAN_ES31_ANDROID, Usage=LightingModel=MSM_DefaultLit, BlendMode=BLEND_Opaque, SpecialEngine=0, TwoSided=0, TSNormal=1, Masked=0, Distorted=0, WritesEveryPixel=1, ModifiesMeshPosition=0, Usage={bUsedWithInstancedStaticMeshes}"
"/Engine/EngineMaterials/EmissiveMeshMaterial.EmissiveMeshMaterial","21","0","0","2","0","Compiling EmissiveMeshMaterial: Platform=SF_VULKAN_ES31_ANDROID, Usage=LightingModel=MSM_Unlit, BlendMode=BLEND_Additive, SpecialEngine=0, TwoSided=1, TSNormal=1, Masked=0, Distorted=0, WritesEveryPixel=1, ModifiesMeshPosition=0, Usage={}"
"/OculusVR/Materials/TouchForQuestRiftSControllerMaterial.TouchForQuestRiftSControllerMaterial","21","0","0","15","0","Compiling TouchForQuestRiftSControllerMaterial: Platform=SF_VULKAN_ES31_ANDROID, Usage=LightingModel=MSM_DefaultLit, BlendMode=BLEND_Opaque, SpecialEngine=0, TwoSided=0, TSNormal=1, Masked=0, Distorted=0, WritesEveryPixel=1, ModifiesMeshPosition=0, Usage={}"
"/OculusVR/Materials/touchController_mat.touchController_mat","21","0","0","30","0","Compiling touchController_mat: Platform=SF_VULKAN_ES31_ANDROID, Usage=LightingModel=MSM_DefaultLit, BlendMode=BLEND_Opaque, SpecialEngine=0, TwoSided=0, TSNormal=1, Masked=0, Distorted=0, WritesEveryPixel=1, ModifiesMeshPosition=0, Usage={bUsedWithSkeletalMesh}"
"/Engine/EngineMaterials/FlattenMaterial.FlattenMaterial","21","0","0","75","0","Compiling FlattenMaterial: Platform=SF_VULKAN_ES31_ANDROID, Usage=LightingModel=MSM_DefaultLit, BlendMode=BLEND_Opaque, SpecialEngine=0, TwoSided=0, TSNormal=1, Masked=0, Distorted=0, WritesEveryPixel=1, ModifiesMeshPosition=0, Usage={bUsedWithSkeletalMesh,bUsedWithStaticLighting,bUsedWithMorphTargets,bUsedWithNanite}"
"/Engine/EngineDebugMaterials/M_VolumeRenderSphereTracePP.M_VolumeRenderSphereTracePP","21","0","0","2","0","Compiling M_VolumeRenderSphereTracePP: Platform=SF_VULKAN_ES31_ANDROID, Usage=LightingModel=MSM_Unlit, BlendMode=BLEND_Opaque, SpecialEngine=0, TwoSided=0, TSNormal=1, Masked=0, Distorted=0, WritesEveryPixel=1, ModifiesMeshPosition=0, Usage={}"
"/Game/MaterialFunctionCollection/ShowcaseAssets/DemoRoom/Materials/M_LightTube.M_LightTube","21","2","0","2","3","Compiling M_LightTube: Platform=SF_VULKAN_ES31_ANDROID, Usage=LightingModel=MSM_Unlit, BlendMode=BLEND_Opaque, SpecialEngine=0, TwoSided=0, TSNormal=1, Masked=0, Distorted=0, WritesEveryPixel=1, ModifiesMeshPosition=0, Usage={bUsedWithStaticLighting}"
"/Game/MaterialFunctionCollection/ShowcaseAssets/ExampleContent/Assets/Materials/M_TextMaterial_Opaque_Emissive.M_TextMaterial_Opaque_Emissive","21","22","0","1","259","Compiling M_TextMaterial_Opaque_Emissive: Platform=SF_VULKAN_ES31_ANDROID, Usage=LightingModel=MSM_DefaultLit, BlendMode=BLEND_Masked, SpecialEngine=0, TwoSided=1, TSNormal=1, Masked=1, Distorted=0, WritesEveryPixel=0, ModifiesMeshPosition=0, Usage={}"
"/Game/StarterContent/Particles/Materials/M_Heat_Distortion.M_Heat_Distortion","21","12","0","1","84","Compiling M_Heat_Distortion: Platform=SF_VULKAN_ES31_ANDROID, Usage=LightingModel=MSM_Unlit, BlendMode=BLEND_Translucent, SpecialEngine=0, TwoSided=1, TSNormal=1, Masked=0, Distorted=1, WritesEveryPixel=1, ModifiesMeshPosition=0, Usage={bUsedWithParticleSprites}"
"/Game/StarterContent/Props/Materials/M_TableRound.M_TableRound","21","45","0","1","1046","Compiling M_TableRound: Platform=SF_VULKAN_ES31_ANDROID, Usage=LightingModel=MSM_DefaultLit, BlendMode=BLEND_Opaque, SpecialEngine=0, TwoSided=0, TSNormal=1, Masked=0, Distorted=0, WritesEveryPixel=1, ModifiesMeshPosition=0, Usage={bUsedWithStaticLighting}"
"/Game/StarterContent/Props/Materials/M_StatueGlass.M_StatueGlass","21","32","0","1","543","Compiling M_StatueGlass: Platform=SF_VULKAN_ES31_ANDROID, Usage=LightingModel=MSM_DefaultLit, BlendMode=BLEND_Translucent, SpecialEngine=0, TwoSided=0, TSNormal=1, Masked=0, Distorted=1, WritesEveryPixel=1, ModifiesMeshPosition=0, Usage={bUsedWithStaticLighting}"
"/Game/StarterContent/Props/Materials/M_Statue.M_Statue","21","45","0","1","1059","Compiling M_Statue: Platform=SF_VULKAN_ES31_ANDROID, Usage=LightingModel=MSM_DefaultLit, BlendMode=BLEND_Opaque, SpecialEngine=0, TwoSided=0, TSNormal=1, Masked=0, Distorted=0, WritesEveryPixel=1, ModifiesMeshPosition=0, Usage={bUsedWithStaticLighting}"
"/Game/StarterContent/Particles/Materials/M_Spark.M_Spark","21","6","0","1","26","Compiling M_Spark: Platform=SF_VULKAN_ES31_ANDROID, Usage=LightingModel=MSM_Unlit, BlendMode=BLEND_Additive, SpecialEngine=0, TwoSided=0, TSNormal=1, Masked=0, Distorted=0, WritesEveryPixel=1, ModifiesMeshPosition=0, Usage={bUsedWithParticleSprites}"
"/Game/StarterContent/Particles/Materials/M_smoke_subUV.M_smoke_subUV","21","30","0","1","494","Compiling M_smoke_subUV: Platform=SF_VULKAN_ES31_ANDROID, Usage=LightingModel=MSM_DefaultLit, BlendMode=BLEND_Translucent, SpecialEngine=0, TwoSided=0, TSNormal=1, Masked=0, Distorted=0, WritesEveryPixel=1, ModifiesMeshPosition=0, Usage={bUsedWithParticleSprites}"
"/Game/StarterContent/Props/Materials/M_Shelf.M_Shelf","21","45","0","1","595","Compiling M_Shelf: Platform=SF_VULKAN_ES31_ANDROID, Usage=LightingModel=MSM_DefaultLit, BlendMode=BLEND_Opaque, SpecialEngine=0, TwoSided=0, TSNormal=1, Masked=0, Distorted=0, WritesEveryPixel=1, ModifiesMeshPosition=0, Usage={bUsedWithStaticLighting}"
"/Game/StarterContent/Materials/M_Wood_Floor_Walnut_Polished.M_Wood_Floor_Walnut_Polished","21","45","0","1","408","Compiling M_Wood_Floor_Walnut_Polished: Platform=SF_VULKAN_ES31_ANDROID, Usage=LightingModel=MSM_DefaultLit, BlendMode=BLEND_Opaque, SpecialEngine=0, TwoSided=0, TSNormal=1, Masked=0, Distorted=0, WritesEveryPixel=1, ModifiesMeshPosition=0, Usage={bUsedWithStaticLighting}"
"/Game/StarterContent/Materials/M_Water_Lake.M_Water_Lake","21","45","0","1","549","Compiling M_Water_Lake: Platform=SF_VULKAN_ES31_ANDROID, Usage=LightingModel=MSM_DefaultLit, BlendMode=BLEND_Opaque, SpecialEngine=0, TwoSided=0, TSNormal=1, Masked=0, Distorted=0, WritesEveryPixel=1, ModifiesMeshPosition=0, Usage={bUsedWithStaticLighting}"
"/Game/StarterContent/Materials/M_Rock_Marble_Polished.M_Rock_Marble_Polished","21","45","0","1","460","Compiling M_Rock_Marble_Polished: Platform=SF_VULKAN_ES31_ANDROID, Usage=LightingModel=MSM_DefaultLit, BlendMode=BLEND_Opaque, SpecialEngine=0, TwoSided=0, TSNormal=1, Masked=0, Distorted=0, WritesEveryPixel=1, ModifiesMeshPosition=0, Usage={bUsedWithStaticLighting}"
"/Game/StarterContent/Materials/M_Wood_Walnut.M_Wood_Walnut","21","45","0","1","432","Compiling M_Wood_Walnut: Platform=SF_VULKAN_ES31_ANDROID, Usage=LightingModel=MSM_DefaultLit, BlendMode=BLEND_Opaque, SpecialEngine=0, TwoSided=0, TSNormal=1, Masked=0, Distorted=0, WritesEveryPixel=1, ModifiesMeshPosition=0, Usage={bUsedWithStaticLighting}"
"/Game/StarterContent/Materials/M_Wood_Pine.M_Wood_Pine","21","45","0","1","463","Compiling M_Wood_Pine: Platform=SF_VULKAN_ES31_ANDROID, Usage=LightingModel=MSM_DefaultLit, BlendMode=BLEND_Opaque, SpecialEngine=0, TwoSided=0, TSNormal=1, Masked=0, Distorted=0, WritesEveryPixel=1, ModifiesMeshPosition=0, Usage={bUsedWithStaticLighting}"
"/Game/StarterContent/Materials/M_Wood_Oak.M_Wood_Oak","21","45","0","1","425","Compiling M_Wood_Oak: Platform=SF_VULKAN_ES31_ANDROID, Usage=LightingModel=MSM_DefaultLit, BlendMode=BLEND_Opaque, SpecialEngine=0, TwoSided=0, TSNormal=1, Masked=0, Distorted=0, WritesEveryPixel=1, ModifiesMeshPosition=0, Usage={bUsedWithStaticLighting}"
"/Game/StarterContent/Materials/M_Tech_Panel.M_Tech_Panel","21","45","0","1","477","Compiling M_Tech_Panel: Platform=SF_VULKAN_ES31_ANDROID, Usage=LightingModel=MSM_DefaultLit, BlendMode=BLEND_Opaque, SpecialEngine=0, TwoSided=0, TSNormal=1, Masked=0, Distorted=0, WritesEveryPixel=1, ModifiesMeshPosition=0, Usage={bUsedWithStaticLighting}"
"/Game/StarterContent/Materials/M_Tech_Hex_Tile_Pulse.M_Tech_Hex_Tile_Pulse","21","45","0","1","577","Compiling M_Tech_Hex_Tile_Pulse: Platform=SF_VULKAN_ES31_ANDROID, Usage=LightingModel=MSM_DefaultLit, BlendMode=BLEND_Opaque, SpecialEngine=0, TwoSided=0, TSNormal=1, Masked=0, Distorted=0, WritesEveryPixel=1, ModifiesMeshPosition=0, Usage={bUsedWithStaticLighting}"
"/Game/StarterContent/Materials/M_Rock_Slate.M_Rock_Slate","21","45","0","1","454","Compiling M_Rock_Slate: Platform=SF_VULKAN_ES31_ANDROID, Usage=LightingModel=MSM_DefaultLit, BlendMode=BLEND_Opaque, SpecialEngine=0, TwoSided=0, TSNormal=1, Masked=0, Distorted=0, WritesEveryPixel=1, ModifiesMeshPosition=0, Usage={bUsedWithStaticLighting}"
"/Game/StarterContent/Materials/M_Rock_Sandstone.M_Rock_Sandstone","21","45","0","1","510","Compiling M_Rock_Sandstone: Platform=SF_VULKAN_ES31_ANDROID, Usage=LightingModel=MSM_DefaultLit, BlendMode=BLEND_Opaque, SpecialEngine=0, TwoSided=0, TSNormal=1, Masked=0, Distorted=0, WritesEveryPixel=1, ModifiesMeshPosition=0, Usage={bUsedWithStaticLighting}"
"/Game/StarterContent/Materials/M_Rock_Basalt.M_Rock_Basalt","21","45","0","1","443","Compiling M_Rock_Basalt: Platform=SF_VULKAN_ES31_ANDROID, Usage=LightingModel=MSM_DefaultLit, BlendMode=BLEND_Opaque, SpecialEngine=0, TwoSided=0, TSNormal=1, Masked=0, Distorted=0, WritesEveryPixel=1, ModifiesMeshPosition=0, Usage={bUsedWithStaticLighting}"
"/Game/StarterContent/Materials/M_Metal_Steel.M_Metal_Steel","21","45","0","1","453","Compiling M_Metal_Steel: Platform=SF_VULKAN_ES31_ANDROID, Usage=LightingModel=MSM_DefaultLit, BlendMode=BLEND_Opaque, SpecialEngine=0, TwoSided=0, TSNormal=1, Masked=0, Distorted=0, WritesEveryPixel=1, ModifiesMeshPosition=0, Usage={bUsedWithStaticLighting}"
"/Game/StarterContent/Materials/M_Metal_Gold.M_Metal_Gold","21","45","0","2","449","Compiling M_Metal_Gold: Platform=SF_VULKAN_ES31_ANDROID, Usage=LightingModel=MSM_DefaultLit, BlendMode=BLEND_Opaque, SpecialEngine=0, TwoSided=0, TSNormal=1, Masked=0, Distorted=0, WritesEveryPixel=1, ModifiesMeshPosition=0, Usage={bUsedWithStaticLighting}"
"/Game/StarterContent/Materials/M_Metal_Copper.M_Metal_Copper","21","45","0","1","444","Compiling M_Metal_Copper: Platform=SF_VULKAN_ES31_ANDROID, Usage=LightingModel=MSM_DefaultLit, BlendMode=BLEND_Opaque, SpecialEngine=0, TwoSided=0, TSNormal=1, Masked=0, Distorted=0, WritesEveryPixel=1, ModifiesMeshPosition=0, Usage={bUsedWithStaticLighting}"
"/Game/StarterContent/Materials/M_Metal_Chrome.M_Metal_Chrome","21","45","0","1","518","Compiling M_Metal_Chrome: Platform=SF_VULKAN_ES31_ANDROID, Usage=LightingModel=MSM_DefaultLit, BlendMode=BLEND_Opaque, SpecialEngine=0, TwoSided=0, TSNormal=1, Masked=0, Distorted=0, WritesEveryPixel=1, ModifiesMeshPosition=0, Usage={bUsedWithStaticLighting}"
"/Game/StarterContent/Materials/M_Metal_Burnished_Steel.M_Metal_Burnished_Steel","21","45","0","1","577","Compiling M_Metal_Burnished_Steel: Platform=SF_VULKAN_ES31_ANDROID, Usage=LightingModel=MSM_DefaultLit, BlendMode=BLEND_Opaque, SpecialEngine=0, TwoSided=0, TSNormal=1, Masked=0, Distorted=0, WritesEveryPixel=1, ModifiesMeshPosition=0, Usage={bUsedWithStaticLighting}"
"/Game/StarterContent/Materials/M_Metal_Brushed_Nickel.M_Metal_Brushed_Nickel","21","45","0","1","429","Compiling M_Metal_Brushed_Nickel: Platform=SF_VULKAN_ES31_ANDROID, Usage=LightingModel=MSM_DefaultLit, BlendMode=BLEND_Opaque, SpecialEngine=0, TwoSided=0, TSNormal=1, Masked=0, Distorted=0, WritesEveryPixel=1, ModifiesMeshPosition=0, Usage={bUsedWithStaticLighting}"
"/Game/StarterContent/Props/Materials/M_Lamp.M_Lamp","21","45","0","1","572","Compiling M_Lamp: Platform=SF_VULKAN_ES31_ANDROID, Usage=LightingModel=MSM_DefaultLit, BlendMode=BLEND_Opaque, SpecialEngine=0, TwoSided=0, TSNormal=1, Masked=0, Distorted=0, WritesEveryPixel=1, ModifiesMeshPosition=0, Usage={bUsedWithStaticLighting}"
"/Game/StarterContent/Materials/M_Ground_Moss.M_Ground_Moss","21","45","0","1","551","Compiling M_Ground_Moss: Platform=SF_VULKAN_ES31_ANDROID, Usage=LightingModel=MSM_DefaultLit, BlendMode=BLEND_Opaque, SpecialEngine=0, TwoSided=0, TSNormal=1, Masked=0, Distorted=0, WritesEveryPixel=1, ModifiesMeshPosition=0, Usage={bUsedWithStaticLighting}"
"/Game/StarterContent/Materials/M_Ground_Gravel.M_Ground_Gravel","21","45","0","1","486","Compiling M_Ground_Gravel: Platform=SF_VULKAN_ES31_ANDROID, Usage=LightingModel=MSM_DefaultLit, BlendMode=BLEND_Opaque, SpecialEngine=0, TwoSided=0, TSNormal=1, Masked=0, Distorted=0, WritesEveryPixel=1, ModifiesMeshPosition=0, Usage={bUsedWithStaticLighting}"
"/Game/StarterContent/Materials/M_Ground_Grass.M_Ground_Grass","21","45","0","1","455","Compiling M_Ground_Grass: Platform=SF_VULKAN_ES31_ANDROID, Usage=LightingModel=MSM_DefaultLit, BlendMode=BLEND_Opaque, SpecialEngine=0, TwoSided=0, TSNormal=1, Masked=0, Distorted=0, WritesEveryPixel=1, ModifiesMeshPosition=0, Usage={bUsedWithStaticLighting}"
"/Game/StarterContent/Props/Materials/M_Frame.M_Frame","21","45","0","1","517","Compiling M_Frame: Platform=SF_VULKAN_ES31_ANDROID, Usage=LightingModel=MSM_DefaultLit, BlendMode=BLEND_Opaque, SpecialEngine=0, TwoSided=0, TSNormal=1, Masked=0, Distorted=0, WritesEveryPixel=1, ModifiesMeshPosition=0, Usage={bUsedWithStaticLighting}"
"/Game/StarterContent/Particles/Materials/M_Fire_SubUV.M_Fire_SubUV","21","6","0","1","21","Compiling M_Fire_SubUV: Platform=SF_VULKAN_ES31_ANDROID, Usage=LightingModel=MSM_Unlit, BlendMode=BLEND_Translucent, SpecialEngine=0, TwoSided=0, TSNormal=1, Masked=0, Distorted=0, WritesEveryPixel=1, ModifiesMeshPosition=0, Usage={bUsedWithParticleSprites}"
"/Game/StarterContent/Particles/Materials/M_explosion_subUV.M_explosion_subUV","21","6","0","1","26","Compiling M_explosion_subUV: Platform=SF_VULKAN_ES31_ANDROID, Usage=LightingModel=MSM_Unlit, BlendMode=BLEND_Additive, SpecialEngine=0, TwoSided=0, TSNormal=1, Masked=0, Distorted=0, WritesEveryPixel=1, ModifiesMeshPosition=0, Usage={bUsedWithParticleSprites}"
"/Game/StarterContent/Particles/Materials/M_Dust_Particle.M_Dust_Particle","21","40","0","1","426","Compiling M_Dust_Particle: Platform=SF_VULKAN_ES31_ANDROID, Usage=LightingModel=MSM_DefaultLit, BlendMode=BLEND_Translucent, SpecialEngine=0, TwoSided=0, TSNormal=1, Masked=0, Distorted=0, WritesEveryPixel=1, ModifiesMeshPosition=0, Usage={bUsedWithParticleSprites,bUsedWithMeshParticles}"
"/Game/StarterContent/Props/Materials/M_Door.M_Door","21","45","0","1","644","Compiling M_Door: Platform=SF_VULKAN_ES31_ANDROID, Usage=LightingModel=MSM_DefaultLit, BlendMode=BLEND_Opaque, SpecialEngine=0, TwoSided=0, TSNormal=1, Masked=0, Distorted=0, WritesEveryPixel=1, ModifiesMeshPosition=0, Usage={bUsedWithStaticLighting}"
"/Game/StarterContent/Materials/M_Concrete_Tiles.M_Concrete_Tiles","21","45","0","1","699","Compiling M_Concrete_Tiles: Platform=SF_VULKAN_ES31_ANDROID, Usage=LightingModel=MSM_DefaultLit, BlendMode=BLEND_Opaque, SpecialEngine=0, TwoSided=0, TSNormal=1, Masked=0, Distorted=0, WritesEveryPixel=1, ModifiesMeshPosition=0, Usage={bUsedWithStaticLighting}"
"/Game/StarterContent/Materials/M_Concrete_Poured.M_Concrete_Poured","21","45","0","1","667","Compiling M_Concrete_Poured: Platform=SF_VULKAN_ES31_ANDROID, Usage=LightingModel=MSM_DefaultLit, BlendMode=BLEND_Opaque, SpecialEngine=0, TwoSided=0, TSNormal=1, Masked=0, Distorted=0, WritesEveryPixel=1, ModifiesMeshPosition=0, Usage={bUsedWithStaticLighting}"
"/Game/StarterContent/Materials/M_Concrete_Panels.M_Concrete_Panels","21","45","0","1","624","Compiling M_Concrete_Panels: Platform=SF_VULKAN_ES31_ANDROID, Usage=LightingModel=MSM_DefaultLit, BlendMode=BLEND_Opaque, SpecialEngine=0, TwoSided=0, TSNormal=1, Masked=0, Distorted=0, WritesEveryPixel=1, ModifiesMeshPosition=0, Usage={bUsedWithStaticLighting}"
"/Game/StarterContent/Materials/M_Concrete_Grime.M_Concrete_Grime","21","45","0","1","535","Compiling M_Concrete_Grime: Platform=SF_VULKAN_ES31_ANDROID, Usage=LightingModel=MSM_DefaultLit, BlendMode=BLEND_Opaque, SpecialEngine=0, TwoSided=0, TSNormal=1, Masked=0, Distorted=0, WritesEveryPixel=1, ModifiesMeshPosition=0, Usage={bUsedWithStaticLighting}"
"/Game/StarterContent/Materials/M_CobbleStone_Smooth.M_CobbleStone_Smooth","21","45","0","1","500","Compiling M_CobbleStone_Smooth: Platform=SF_VULKAN_ES31_ANDROID, Usage=LightingModel=MSM_DefaultLit, BlendMode=BLEND_Opaque, SpecialEngine=0, TwoSided=0, TSNormal=1, Masked=0, Distorted=0, WritesEveryPixel=1, ModifiesMeshPosition=0, Usage={bUsedWithStaticLighting}"
"/Game/StarterContent/Materials/M_CobbleStone_Rough.M_CobbleStone_Rough","21","45","0","1","578","Compiling M_CobbleStone_Rough: Platform=SF_VULKAN_ES31_ANDROID, Usage=LightingModel=MSM_DefaultLit, BlendMode=BLEND_Opaque, SpecialEngine=0, TwoSided=0, TSNormal=1, Masked=0, Distorted=0, WritesEveryPixel=1, ModifiesMeshPosition=0, Usage={bUsedWithStaticLighting}"
"/Game/StarterContent/Materials/M_CobbleStone_Pebble.M_CobbleStone_Pebble","21","45","0","1","505","Compiling M_CobbleStone_Pebble: Platform=SF_VULKAN_ES31_ANDROID, Usage=LightingModel=MSM_DefaultLit, BlendMode=BLEND_Opaque, SpecialEngine=0, TwoSided=0, TSNormal=1, Masked=0, Distorted=0, WritesEveryPixel=1, ModifiesMeshPosition=0, Usage={bUsedWithStaticLighting}"
"/Game/StarterContent/Materials/M_Tech_Checker_Dot.M_Tech_Checker_Dot","21","45","0","1","516","Compiling M_Tech_Checker_Dot: Platform=SF_VULKAN_ES31_ANDROID, Usage=LightingModel=MSM_DefaultLit, BlendMode=BLEND_Opaque, SpecialEngine=0, TwoSided=0, TSNormal=1, Masked=0, Distorted=0, WritesEveryPixel=1, ModifiesMeshPosition=0, Usage={bUsedWithStaticLighting}"
"/Game/StarterContent/Props/Materials/M_Chair.M_Chair","21","45","0","1","492","Compiling M_Chair: Platform=SF_VULKAN_ES31_ANDROID, Usage=LightingModel=MSM_DefaultLit, BlendMode=BLEND_Opaque, SpecialEngine=0, TwoSided=0, TSNormal=1, Masked=0, Distorted=0, WritesEveryPixel=1, ModifiesMeshPosition=0, Usage={bUsedWithStaticLighting}"
"/Game/StarterContent/Materials/M_Ceramic_Tile_Checker.M_Ceramic_Tile_Checker","21","45","0","1","542","Compiling M_Ceramic_Tile_Checker: Platform=SF_VULKAN_ES31_ANDROID, Usage=LightingModel=MSM_DefaultLit, BlendMode=BLEND_Opaque, SpecialEngine=0, TwoSided=0, TSNormal=1, Masked=0, Distorted=0, WritesEveryPixel=1, ModifiesMeshPosition=0, Usage={bUsedWithStaticLighting}"
"/Game/StarterContent/Props/Materials/M_Bush.M_Bush","21","52","0","1","638","Compiling M_Bush: Platform=SF_VULKAN_ES31_ANDROID, Usage=LightingModel=MSM_DefaultLit, BlendMode=BLEND_Masked, SpecialEngine=0, TwoSided=1, TSNormal=1, Masked=1, Distorted=0, WritesEveryPixel=0, ModifiesMeshPosition=0, Usage={bUsedWithStaticLighting}"
"/Game/StarterContent/Particles/Materials/M_Burst.M_Burst","21","12","0","1","69","Compiling M_Burst: Platform=SF_VULKAN_ES31_ANDROID, Usage=LightingModel=MSM_Unlit, BlendMode=BLEND_Additive, SpecialEngine=0, TwoSided=0, TSNormal=1, Masked=0, Distorted=1, WritesEveryPixel=1, ModifiesMeshPosition=0, Usage={bUsedWithParticleSprites}"
"/Game/StarterContent/Materials/M_Brick_Hewn_Stone.M_Brick_Hewn_Stone","21","45","0","1","487","Compiling M_Brick_Hewn_Stone: Platform=SF_VULKAN_ES31_ANDROID, Usage=LightingModel=MSM_DefaultLit, BlendMode=BLEND_Opaque, SpecialEngine=0, TwoSided=0, TSNormal=1, Masked=0, Distorted=0, WritesEveryPixel=1, ModifiesMeshPosition=0, Usage={bUsedWithStaticLighting}"
"/Game/StarterContent/Materials/M_Brick_Cut_Stone.M_Brick_Cut_Stone","21","45","0","1","535","Compiling M_Brick_Cut_Stone: Platform=SF_VULKAN_ES31_ANDROID, Usage=LightingModel=MSM_DefaultLit, BlendMode=BLEND_Opaque, SpecialEngine=0, TwoSided=0, TSNormal=1, Masked=0, Distorted=0, WritesEveryPixel=1, ModifiesMeshPosition=0, Usage={bUsedWithStaticLighting}"
"/Game/StarterContent/Materials/M_Brick_Clay_Old.M_Brick_Clay_Old","21","45","0","1","585","Compiling M_Brick_Clay_Old: Platform=SF_VULKAN_ES31_ANDROID, Usage=LightingModel=MSM_DefaultLit, BlendMode=BLEND_Opaque, SpecialEngine=0, TwoSided=0, TSNormal=1, Masked=0, Distorted=0, WritesEveryPixel=1, ModifiesMeshPosition=0, Usage={bUsedWithStaticLighting}"
"/Game/StarterContent/Materials/M_Brick_Clay_New.M_Brick_Clay_New","21","45","0","1","604","Compiling M_Brick_Clay_New: Platform=SF_VULKAN_ES31_ANDROID, Usage=LightingModel=MSM_DefaultLit, BlendMode=BLEND_Opaque, SpecialEngine=0, TwoSided=0, TSNormal=1, Masked=0, Distorted=0, WritesEveryPixel=1, ModifiesMeshPosition=0, Usage={bUsedWithStaticLighting}"
"/Game/StarterContent/Materials/M_Brick_Clay_Beveled.M_Brick_Clay_Beveled","21","45","0","1","660","Compiling M_Brick_Clay_Beveled: Platform=SF_VULKAN_ES31_ANDROID, Usage=LightingModel=MSM_DefaultLit, BlendMode=BLEND_Opaque, SpecialEngine=0, TwoSided=0, TSNormal=1, Masked=0, Distorted=0, WritesEveryPixel=1, ModifiesMeshPosition=0, Usage={bUsedWithStaticLighting}"
"/Engine/EngineMaterials/PhAT_JointLimitMaterial.PhAT_JointLimitMaterial","21","0","0","4","0","Compiling PhAT_JointLimitMaterial: Platform=SF_VULKAN_ES31_ANDROID, Usage=LightingModel=MSM_Unlit, BlendMode=BLEND_Translucent, SpecialEngine=0, TwoSided=1, TSNormal=1, Masked=0, Distorted=0, WritesEveryPixel=1, ModifiesMeshPosition=1, Usage={}"
"/ControlRig/M_Manip.M_Manip","21","0","0","4","0","Compiling M_Manip: Platform=SF_VULKAN_ES31_ANDROID, Usage=LightingModel=MSM_Unlit, BlendMode=BLEND_Translucent, SpecialEngine=0, TwoSided=0, TSNormal=1, Masked=0, Distorted=0, WritesEveryPixel=1, ModifiesMeshPosition=1, Usage={}"
"/Paper2D/DefaultSpriteMaterial.DefaultSpriteMaterial","21","0","0","27","0","Compiling DefaultSpriteMaterial: Platform=SF_VULKAN_ES31_ANDROID, Usage=LightingModel=MSM_Unlit, BlendMode=BLEND_Masked, SpecialEngine=0, TwoSided=1, TSNormal=1, Masked=1, Distorted=0, WritesEveryPixel=0, ModifiesMeshPosition=0, Usage={bUsedWithNiagaraSprites}"
"/Paper2D/DefaultSpriteMaterial.DefaultSpriteMaterial","21","0","0","12","0","Compiling DefaultSpriteMaterial: Platform=SF_VULKAN_ES31_ANDROID, Usage=LightingModel=MSM_Unlit, BlendMode=BLEND_Opaque, SpecialEngine=0, TwoSided=1, TSNormal=1, Masked=0, Distorted=0, WritesEveryPixel=1, ModifiesMeshPosition=0, Usage={bUsedWithNiagaraSprites}"
"/Engine/VREditor/TransformGizmo/TransformGizmoMaterial.TransformGizmoMaterial","21","0","0","2","0","Compiling TransformGizmoMaterial: Platform=SF_VULKAN_ES31_ANDROID, Usage=LightingModel=MSM_Unlit, BlendMode=BLEND_Opaque, SpecialEngine=0, TwoSided=0, TSNormal=1, Masked=0, Distorted=0, WritesEveryPixel=1, ModifiesMeshPosition=0, Usage={bUsedWithNanite}"
"/Engine/EditorMaterials/WorldPartition/WorldPartitionSpatialHashGridPreviewMaterial.WorldPartitionSpatialHashGridPreviewMaterial","21","0","0","2","0","Compiling WorldPartitionSpatialHashGridPreviewMaterial: Platform=SF_VULKAN_ES31_ANDROID, Usage=LightingModel=MSM_Unlit, BlendMode=BLEND_Opaque, SpecialEngine=0, TwoSided=0, TSNormal=1, Masked=0, Distorted=0, WritesEveryPixel=1, ModifiesMeshPosition=0, Usage={}"
"/HairStrands/Materials/HairDebugMaterial.HairDebugMaterial","21","0","0","44","0","Compiling HairDebugMaterial: Platform=SF_VULKAN_ES31_ANDROID, Usage=LightingModel=MSM_DefaultLit|Unknown, BlendMode=BLEND_Masked, SpecialEngine=0, TwoSided=1, TSNormal=1, Masked=1, Distorted=0, WritesEveryPixel=0, ModifiesMeshPosition=0, Usage={bUsedWithHairStrands}"
"/Engine/EngineSky/VolumetricClouds/m_SimpleVolumetricCloud.m_SimpleVolumetricCloud","21","0","0","10","0","Compiling m_SimpleVolumetricCloud: Platform=SF_VULKAN_ES31_ANDROID, Usage=LightingModel=MSM_DefaultLit, BlendMode=BLEND_Additive, SpecialEngine=0, TwoSided=0, TSNormal=1, Masked=0, Distorted=0, WritesEveryPixel=1, ModifiesMeshPosition=0, Usage={}"
"/Engine/EngineMaterials/DefaultPostProcessMaterial.DefaultPostProcessMaterial","21","0","0","8","0","Compiling DefaultPostProcessMaterial: Platform=SF_VULKAN_ES31_ANDROID, Usage=LightingModel=MSM_Unlit, BlendMode=BLEND_Opaque, SpecialEngine=0, TwoSided=0, TSNormal=1, Masked=0, Distorted=0, WritesEveryPixel=1, ModifiesMeshPosition=0, Usage={bUsedWithSkeletalMesh,bUsedWithStaticLighting}"
"/Engine/EngineMaterials/DefaultDeferredDecalMaterial.DefaultDeferredDecalMaterial","21","0","0","77","0","Compiling DefaultDeferredDecalMaterial: Platform=SF_VULKAN_ES31_ANDROID, Usage=LightingModel=MSM_DefaultLit, BlendMode=BLEND_Translucent, SpecialEngine=0, TwoSided=0, TSNormal=1, Masked=0, Distorted=0, WritesEveryPixel=1, ModifiesMeshPosition=0, Usage={bUsedWithSkeletalMesh,bUsedWithStaticLighting,bUsedWithSplineMeshes}"
"/Engine/EngineMaterials/DefaultMaterial.DefaultMaterial","21","0","0","240","0","Compiling DefaultMaterial: Platform=SF_VULKAN_ES31_ANDROID, Usage=LightingModel=MSM_DefaultLit, BlendMode=BLEND_Opaque, SpecialEngine=0, TwoSided=0, TSNormal=1, Masked=0, Distorted=0, WritesEveryPixel=1, ModifiesMeshPosition=0, Usage={bUsedWithSkeletalMesh,bUsedWithMeshParticles,bUsedWithStaticLighting,bUsedWithSplineMeshes,bUsedWithInstancedStaticMeshes,bUsedWithNiagaraSprites,bUsedWithNiagaraRibbons,bUsedWithNiagaraMeshParticles}"
"/Engine/EngineMaterials/WorldGridMaterial.WorldGridMaterial","21","0","0","762","0","Compiling WorldGridMaterial: Platform=SF_VULKAN_ES31_ANDROID, Usage=LightingModel=MSM_DefaultLit, BlendMode=BLEND_Opaque, SpecialEngine=1, TwoSided=0, TSNormal=1, Masked=0, Distorted=0, WritesEveryPixel=1, ModifiesMeshPosition=0, Usage={}"
"/Engine/EngineMaterials/DefaultTextMaterialOpaque.DefaultTextMaterialOpaque","21","0","0","22","0","Compiling DefaultTextMaterialOpaque: Platform=SF_VULKAN_ES31_ANDROID, Usage=LightingModel=MSM_DefaultLit, BlendMode=BLEND_Masked, SpecialEngine=0, TwoSided=1, TSNormal=1, Masked=1, Distorted=0, WritesEveryPixel=0, ModifiesMeshPosition=0, Usage={}"
"/OpenXR/Devices/M_XRController.M_XRController","21","0","0","15","0","Compiling M_XRController: Platform=SF_VULKAN_ES31_ANDROID, Usage=LightingModel=MSM_DefaultLit, BlendMode=BLEND_Opaque, SpecialEngine=0, TwoSided=0, TSNormal=1, Masked=0, Distorted=0, WritesEveryPixel=1, ModifiesMeshPosition=0, Usage={}"
"/OpenXR/Devices/M_XRController.M_XRController","21","0","0","15","15","Compiling M_XRController: Platform=SF_VULKAN_ES31_ANDROID, Usage=LightingModel=MSM_DefaultLit, BlendMode=BLEND_Opaque, SpecialEngine=0, TwoSided=0, TSNormal=1, Masked=0, Distorted=0, WritesEveryPixel=1, ModifiesMeshPosition=0, Usage={}, StaticSwitch'FlipU2-1'=False, StaticSwitch'UseMR2-1'=True"
"/OpenXR/Devices/M_XRController.M_XRController","21","0","0","15","0","Compiling M_XRController: Platform=SF_VULKAN_ES31_ANDROID, Usage=LightingModel=MSM_DefaultLit, BlendMode=BLEND_Opaque, SpecialEngine=0, TwoSided=0, TSNormal=1, Masked=0, Distorted=0, WritesEveryPixel=1, ModifiesMeshPosition=0, Usage={}, StaticSwitch'FlipU2-1'=True, StaticSwitch'UseMR2-1'=True"
"/OculusVR/Materials/OculusMR_ChromaKey.OculusMR_ChromaKey","21","0","0","2","0","Compiling OculusMR_ChromaKey: Platform=SF_VULKAN_ES31_ANDROID, Usage=LightingModel=MSM_Unlit, BlendMode=BLEND_Translucent, SpecialEngine=0, TwoSided=0, TSNormal=1, Masked=0, Distorted=0, WritesEveryPixel=1, ModifiesMeshPosition=0, Usage={}"
"/Engine/EngineMaterials/Widget3DPassThrough.Widget3DPassThrough","21","0","0","2","2","Compiling Widget3DPassThrough: Platform=SF_VULKAN_ES31_ANDROID, Usage=LightingModel=MSM_Unlit, BlendMode=BLEND_Translucent, SpecialEngine=0, TwoSided=0, TSNormal=1, Masked=0, Distorted=0, WritesEveryPixel=1, ModifiesMeshPosition=0, Usage={}"
"/Engine/EngineMaterials/Widget3DPassThrough.Widget3DPassThrough","21","0","0","9","0","Compiling Widget3DPassThrough: Platform=SF_VULKAN_ES31_ANDROID, Usage=LightingModel=MSM_Unlit, BlendMode=BLEND_Masked, SpecialEngine=0, TwoSided=1, TSNormal=1, Masked=1, Distorted=0, WritesEveryPixel=0, ModifiesMeshPosition=0, Usage={}"
"/Engine/EngineMaterials/Widget3DPassThrough.Widget3DPassThrough","21","0","0","4","0","Compiling Widget3DPassThrough: Platform=SF_VULKAN_ES31_ANDROID, Usage=LightingModel=MSM_Unlit, BlendMode=BLEND_Opaque, SpecialEngine=0, TwoSided=1, TSNormal=1, Masked=0, Distorted=0, WritesEveryPixel=1, ModifiesMeshPosition=0, Usage={}"
"/Engine/EngineMaterials/Widget3DPassThrough.Widget3DPassThrough","21","0","0","2","0","Compiling Widget3DPassThrough: Platform=SF_VULKAN_ES31_ANDROID, Usage=LightingModel=MSM_Unlit, BlendMode=BLEND_Translucent, SpecialEngine=0, TwoSided=1, TSNormal=1, Masked=0, Distorted=0, WritesEveryPixel=1, ModifiesMeshPosition=0, Usage={}"
"/Engine/EngineMaterials/Widget3DPassThrough.Widget3DPassThrough","21","0","0","9","0","Compiling Widget3DPassThrough: Platform=SF_VULKAN_ES31_ANDROID, Usage=LightingModel=MSM_Unlit, BlendMode=BLEND_Masked, SpecialEngine=0, TwoSided=0, TSNormal=1, Masked=1, Distorted=0, WritesEveryPixel=0, ModifiesMeshPosition=0, Usage={}"
"/Engine/EngineMaterials/Widget3DPassThrough.Widget3DPassThrough","21","0","0","2","0","Compiling Widget3DPassThrough: Platform=SF_VULKAN_ES31_ANDROID, Usage=LightingModel=MSM_Unlit, BlendMode=BLEND_Opaque, SpecialEngine=0, TwoSided=0, TSNormal=1, Masked=0, Distorted=0, WritesEveryPixel=1, ModifiesMeshPosition=0, Usage={}"
"/Game/MaterialFunctionCollection/Materials/Materials/BasicParameters/M_StatueGlass_Blank.M_StatueGlass_Blank","21","32","0","1","340","Compiling M_StatueGlass_Blank: Platform=SF_VULKAN_ES31_ANDROID, Usage=LightingModel=MSM_DefaultLit, BlendMode=BLEND_Translucent, SpecialEngine=0, TwoSided=0, TSNormal=1, Masked=0, Distorted=1, WritesEveryPixel=1, ModifiesMeshPosition=0, Usage={bUsedWithStaticLighting}"
"/Game/MaterialFunctionCollection/ShowcaseAssets/ExampleContent/Assets/Materials/M_TextBox_Icon_Info.M_TextBox_Icon_Info","21","45","0","1","753","Compiling M_TextBox_Icon_Info: Platform=SF_VULKAN_ES31_ANDROID, Usage=LightingModel=MSM_DefaultLit, BlendMode=BLEND_Opaque, SpecialEngine=0, TwoSided=0, TSNormal=1, Masked=0, Distorted=0, WritesEveryPixel=1, ModifiesMeshPosition=0, Usage={bUsedWithStaticLighting}"
"/Game/MaterialFunctionCollection/ShowcaseAssets/ExampleContent/Assets/Materials/M_Particle_Effect_Ring.M_Particle_Effect_Ring","21","6","0","1","26","Compiling M_Particle_Effect_Ring: Platform=SF_VULKAN_ES31_ANDROID, Usage=LightingModel=MSM_Unlit, BlendMode=BLEND_Additive, SpecialEngine=0, TwoSided=0, TSNormal=1, Masked=0, Distorted=0, WritesEveryPixel=1, ModifiesMeshPosition=0, Usage={bUsedWithParticleSprites}"
"/Game/MaterialFunctionCollection/ShowcaseAssets/DemoRoom/Materials/M_UE4_Logo_2.M_UE4_Logo_2","21","30","0","1","393","Compiling M_UE4_Logo_2: Platform=SF_VULKAN_ES31_ANDROID, Usage=LightingModel=MSM_DefaultLit, BlendMode=BLEND_Opaque, SpecialEngine=0, TwoSided=0, TSNormal=1, Masked=0, Distorted=0, WritesEveryPixel=1, ModifiesMeshPosition=0, Usage={bUsedWithSkeletalMesh}"
"/Game/MaterialFunctionCollection/ShowcaseAssets/DemoRoom/Materials/M_DemoRoomTiles.M_DemoRoomTiles","21","45","0","1","656","Compiling M_DemoRoomTiles: Platform=SF_VULKAN_ES31_ANDROID, Usage=LightingModel=MSM_DefaultLit, BlendMode=BLEND_Opaque, SpecialEngine=0, TwoSided=0, TSNormal=1, Masked=0, Distorted=0, WritesEveryPixel=1, ModifiesMeshPosition=0, Usage={bUsedWithStaticLighting}"
"/Game/MaterialFunctionCollection/ShowcaseAssets/DemoRoom/Materials/M_Mat_UnrealTech_automotive_02.M_Mat_UnrealTech_automotive_02","21","47","0","1","619","Compiling M_Mat_UnrealTech_automotive_02: Platform=SF_VULKAN_ES31_ANDROID, Usage=LightingModel=MSM_DefaultLit, BlendMode=BLEND_Opaque, SpecialEngine=0, TwoSided=1, TSNormal=1, Masked=0, Distorted=0, WritesEveryPixel=1, ModifiesMeshPosition=0, Usage={bUsedWithStaticLighting}"
"/Game/MaterialFunctionCollection/ShowcaseAssets/DemoRoom/Materials/M_Mat_UnrealTech_automotive_01.M_Mat_UnrealTech_automotive_01","21","47","0","1","729","Compiling M_Mat_UnrealTech_automotive_01: Platform=SF_VULKAN_ES31_ANDROID, Usage=LightingModel=MSM_DefaultLit, BlendMode=BLEND_Opaque, SpecialEngine=0, TwoSided=1, TSNormal=1, Masked=0, Distorted=0, WritesEveryPixel=1, ModifiesMeshPosition=0, Usage={bUsedWithStaticLighting}"
"/Game/MaterialFunctionCollection/Materials/Materials/WorldPosition/M_StatueGlass_WorldPosition.M_StatueGlass_WorldPosition","21","32","0","1","335","Compiling M_StatueGlass_WorldPosition: Platform=SF_VULKAN_ES31_ANDROID, Usage=LightingModel=MSM_DefaultLit, BlendMode=BLEND_Translucent, SpecialEngine=0, TwoSided=0, TSNormal=1, Masked=0, Distorted=1, WritesEveryPixel=1, ModifiesMeshPosition=0, Usage={bUsedWithStaticLighting}"
"/Game/MaterialFunctionCollection/Materials/Materials/WindWave/M_WindWave.M_WindWave","21","51","0","1","692","Compiling M_WindWave: Platform=SF_VULKAN_ES31_ANDROID, Usage=LightingModel=MSM_DefaultLit, BlendMode=BLEND_Opaque, SpecialEngine=0, TwoSided=0, TSNormal=1, Masked=0, Distorted=0, WritesEveryPixel=1, ModifiesMeshPosition=1, Usage={bUsedWithStaticLighting}"
"/Game/MaterialFunctionCollection/Materials/Materials/WindWave/M_StatueGlass_WindWave.M_StatueGlass_WindWave","21","34","0","1","346","Compiling M_StatueGlass_WindWave: Platform=SF_VULKAN_ES31_ANDROID, Usage=LightingModel=MSM_DefaultLit, BlendMode=BLEND_Translucent, SpecialEngine=0, TwoSided=0, TSNormal=1, Masked=0, Distorted=1, WritesEveryPixel=1, ModifiesMeshPosition=1, Usage={bUsedWithStaticLighting}"
"/Game/MaterialFunctionCollection/Materials/Materials/Fresnel/M_StatueGlass_Fresnel.M_StatueGlass_Fresnel","21","32","0","1","296","Compiling M_StatueGlass_Fresnel: Platform=SF_VULKAN_ES31_ANDROID, Usage=LightingModel=MSM_DefaultLit, BlendMode=BLEND_Translucent, SpecialEngine=0, TwoSided=0, TSNormal=1, Masked=0, Distorted=1, WritesEveryPixel=1, ModifiesMeshPosition=0, Usage={bUsedWithStaticLighting}"
"/Game/MaterialFunctionCollection/Materials/Materials/Fresnel/M_StatueGlass_Fresnel.M_StatueGlass_Fresnel","21","32","0","1","296","Compiling M_StatueGlass_Fresnel: Platform=SF_VULKAN_ES31_ANDROID, Usage=LightingModel=MSM_DefaultLit, BlendMode=BLEND_Translucent, SpecialEngine=0, TwoSided=0, TSNormal=1, Masked=0, Distorted=1, WritesEveryPixel=1, ModifiesMeshPosition=0, Usage={bUsedWithStaticLighting}, StaticSwitch'Disable Fresnel Color2-1'=True, StaticSwitch'Fresnel2-1'=True"
"/Game/MaterialFunctionCollection/Materials/Materials/Fresnel/M_Fresnel.M_Fresnel","21","45","0","1","635","Compiling M_Fresnel: Platform=SF_VULKAN_ES31_ANDROID, Usage=LightingModel=MSM_DefaultLit, BlendMode=BLEND_Opaque, SpecialEngine=0, TwoSided=0, TSNormal=1, Masked=0, Distorted=0, WritesEveryPixel=1, ModifiesMeshPosition=0, Usage={bUsedWithStaticLighting}"
"/Game/MaterialFunctionCollection/Materials/Materials/Fresnel/M_Fresnel.M_Fresnel","21","45","0","1","615","Compiling M_Fresnel: Platform=SF_VULKAN_ES31_ANDROID, Usage=LightingModel=MSM_DefaultLit, BlendMode=BLEND_Opaque, SpecialEngine=0, TwoSided=0, TSNormal=1, Masked=0, Distorted=0, WritesEveryPixel=1, ModifiesMeshPosition=0, Usage={bUsedWithStaticLighting}, StaticSwitch'Disable Fresnel Color2-1'=False, StaticSwitch'Fresnel2-1'=True, StaticMask'Mask2-1'=G"
"/Game/MaterialFunctionCollection/Materials/Materials/Fresnel/M_Fresnel.M_Fresnel","21","45","0","1","792","Compiling M_Fresnel: Platform=SF_VULKAN_ES31_ANDROID, Usage=LightingModel=MSM_DefaultLit, BlendMode=BLEND_Opaque, SpecialEngine=0, TwoSided=0, TSNormal=1, Masked=0, Distorted=0, WritesEveryPixel=1, ModifiesMeshPosition=0, Usage={bUsedWithStaticLighting}, StaticSwitch'Disable Fresnel Color2-1'=False, StaticSwitch'Fresnel2-1'=True, StaticMask'Mask2-1'=R"
"/Game/MaterialFunctionCollection/Materials/Materials/Edge_Fade/M_StatueGlass_EdgeFade.M_StatueGlass_EdgeFade","21","32","0","1","321","Compiling M_StatueGlass_EdgeFade: Platform=SF_VULKAN_ES31_ANDROID, Usage=LightingModel=MSM_DefaultLit, BlendMode=BLEND_Translucent, SpecialEngine=0, TwoSided=0, TSNormal=1, Masked=0, Distorted=1, WritesEveryPixel=1, ModifiesMeshPosition=0, Usage={bUsedWithStaticLighting}"
"/Game/MaterialFunctionCollection/Materials/Materials/Edge_Fade/M_StatueGlass_EdgeFade.M_StatueGlass_EdgeFade","21","32","0","1","337","Compiling M_StatueGlass_EdgeFade: Platform=SF_VULKAN_ES31_ANDROID, Usage=LightingModel=MSM_DefaultLit, BlendMode=BLEND_Translucent, SpecialEngine=0, TwoSided=0, TSNormal=1, Masked=0, Distorted=1, WritesEveryPixel=1, ModifiesMeshPosition=0, Usage={bUsedWithStaticLighting}, StaticSwitch'Depth Fade2-1'=True, StaticSwitch'Fresnel2-1'=True"
"/Game/MaterialFunctionCollection/Materials/Materials/Edge_Fade/M_EdgeFade.M_EdgeFade","21","30","0","1","286","Compiling M_EdgeFade: Platform=SF_VULKAN_ES31_ANDROID, Usage=LightingModel=MSM_DefaultLit, BlendMode=BLEND_Translucent, SpecialEngine=0, TwoSided=0, TSNormal=1, Masked=0, Distorted=0, WritesEveryPixel=1, ModifiesMeshPosition=0, Usage={bUsedWithStaticLighting}"
"/Game/MaterialFunctionCollection/Materials/Materials/Edge_Fade/M_EdgeFade.M_EdgeFade","21","30","0","1","372","Compiling M_EdgeFade: Platform=SF_VULKAN_ES31_ANDROID, Usage=LightingModel=MSM_DefaultLit, BlendMode=BLEND_Translucent, SpecialEngine=0, TwoSided=0, TSNormal=1, Masked=0, Distorted=0, WritesEveryPixel=1, ModifiesMeshPosition=0, Usage={bUsedWithStaticLighting}, StaticSwitch'Depth Fade2-1'=True, StaticSwitch'Fresnel2-1'=True, StaticMask'Mask2-1'=R"
"/Game/StarterContent/Props/Materials/M_Rock.M_Rock","21","45","0","1","596","Compiling M_Rock: Platform=SF_VULKAN_ES31_ANDROID, Usage=LightingModel=MSM_DefaultLit, BlendMode=BLEND_Opaque, SpecialEngine=0, TwoSided=0, TSNormal=1, Masked=0, Distorted=0, WritesEveryPixel=1, ModifiesMeshPosition=0, Usage={bUsedWithStaticLighting}"
"/Game/StarterContent/Materials/M_Water_Ocean.M_Water_Ocean","21","45","0","1","606","Compiling M_Water_Ocean: Platform=SF_VULKAN_ES31_ANDROID, Usage=LightingModel=MSM_DefaultLit, BlendMode=BLEND_Opaque, SpecialEngine=0, TwoSided=0, TSNormal=1, Masked=0, Distorted=0, WritesEveryPixel=1, ModifiesMeshPosition=0, Usage={bUsedWithStaticLighting}"
"/Game/StarterContent/Materials/M_Tech_Hex_Tile.M_Tech_Hex_Tile","21","45","0","1","634","Compiling M_Tech_Hex_Tile: Platform=SF_VULKAN_ES31_ANDROID, Usage=LightingModel=MSM_DefaultLit, BlendMode=BLEND_Opaque, SpecialEngine=0, TwoSided=0, TSNormal=1, Masked=0, Distorted=0, WritesEveryPixel=1, ModifiesMeshPosition=0, Usage={bUsedWithStaticLighting}"
"/Game/StarterContent/Materials/M_Metal_Rust.M_Metal_Rust","21","45","0","1","534","Compiling M_Metal_Rust: Platform=SF_VULKAN_ES31_ANDROID, Usage=LightingModel=MSM_DefaultLit, BlendMode=BLEND_Opaque, SpecialEngine=0, TwoSided=0, TSNormal=1, Masked=0, Distorted=0, WritesEveryPixel=1, ModifiesMeshPosition=0, Usage={bUsedWithStaticLighting}"
"/Game/StarterContent/Particles/Materials/M_radial_ramp.M_radial_ramp","21","8","0","1","37","Compiling M_radial_ramp: Platform=SF_VULKAN_ES31_ANDROID, Usage=LightingModel=MSM_Unlit, BlendMode=BLEND_Translucent, SpecialEngine=0, TwoSided=0, TSNormal=1, Masked=0, Distorted=0, WritesEveryPixel=1, ModifiesMeshPosition=0, Usage={bUsedWithParticleSprites,bUsedWithBeamTrails}"
"/Game/StarterContent/Particles/Materials/M_Radial_Gradient.M_Radial_Gradient","21","8","0","1","36","Compiling M_Radial_Gradient: Platform=SF_VULKAN_ES31_ANDROID, Usage=LightingModel=MSM_Unlit, BlendMode=BLEND_Translucent, SpecialEngine=0, TwoSided=0, TSNormal=1, Masked=0, Distorted=0, WritesEveryPixel=1, ModifiesMeshPosition=0, Usage={bUsedWithParticleSprites,bUsedWithBeamTrails}"
"/Game/StarterContent/Materials/M_Wood_Floor_Walnut_Worn.M_Wood_Floor_Walnut_Worn","21","45","0","1","836","Compiling M_Wood_Floor_Walnut_Worn: Platform=SF_VULKAN_ES31_ANDROID, Usage=LightingModel=MSM_DefaultLit, BlendMode=BLEND_Opaque, SpecialEngine=0, TwoSided=0, TSNormal=1, Masked=0, Distorted=0, WritesEveryPixel=1, ModifiesMeshPosition=0, Usage={bUsedWithStaticLighting}"
"/Game/StarterContent/Materials/M_ColorGrid_LowSpec.M_ColorGrid_LowSpec","21","45","0","1","735","Compiling M_ColorGrid_LowSpec: Platform=SF_VULKAN_ES31_ANDROID, Usage=LightingModel=MSM_DefaultLit, BlendMode=BLEND_Opaque, SpecialEngine=0, TwoSided=0, TSNormal=1, Masked=0, Distorted=0, WritesEveryPixel=1, ModifiesMeshPosition=0, Usage={bUsedWithStaticLighting}"
"/Game/StarterContent/Blueprints/Assets/M_LightStage_Skybox_Master.M_LightStage_Skybox_Master","21","2","0","2","3","Compiling M_LightStage_Skybox_Master: Platform=SF_VULKAN_ES31_ANDROID, Usage=LightingModel=MSM_Unlit, BlendMode=BLEND_Opaque, SpecialEngine=0, TwoSided=0, TSNormal=1, Masked=0, Distorted=0, WritesEveryPixel=1, ModifiesMeshPosition=0, Usage={bUsedWithStaticLighting}"
"/Game/StarterContent/Blueprints/Assets/M_LightStage_Skybox_Master.M_LightStage_Skybox_Master","21","2","0","2","3","Compiling M_LightStage_Skybox_Master: Platform=SF_VULKAN_ES31_ANDROID, Usage=LightingModel=MSM_Unlit, BlendMode=BLEND_Opaque, SpecialEngine=0, TwoSided=0, TSNormal=1, Masked=0, Distorted=0, WritesEveryPixel=1, ModifiesMeshPosition=0, Usage={bUsedWithStaticLighting}, StaticSwitch'HDRI2-1'=True"
"/Game/MaterialFunctionCollection/ShowcaseAssets/ExampleContent/Assets/Materials/M_TextBox_Background_Color.M_TextBox_Background_Color","21","2","0","2","3","Compiling M_TextBox_Background_Color: Platform=SF_VULKAN_ES31_ANDROID, Usage=LightingModel=MSM_Unlit, BlendMode=BLEND_Translucent, SpecialEngine=0, TwoSided=1, TSNormal=1, Masked=0, Distorted=0, WritesEveryPixel=1, ModifiesMeshPosition=0, Usage={}"
"/Game/MaterialFunctionCollection/ShowcaseAssets/ExampleContent/Assets/Materials/M_TextBox_Background_Color.M_TextBox_Background_Color","21","2","0","2","3","Compiling M_TextBox_Background_Color: Platform=SF_VULKAN_ES31_ANDROID, Usage=LightingModel=MSM_Unlit, BlendMode=BLEND_Translucent, SpecialEngine=0, TwoSided=1, TSNormal=1, Masked=0, Distorted=0, WritesEveryPixel=1, ModifiesMeshPosition=0, Usage={}, StaticSwitch'Use gradient2-1'=True"
"/Engine/EngineMaterials/AntiAliasedTextMaterialTranslucent.AntiAliasedTextMaterialTranslucent","21","10","0","1","64","Compiling AntiAliasedTextMaterialTranslucent: Platform=SF_VULKAN_ES31_ANDROID, Usage=LightingModel=MSM_DefaultLit, BlendMode=BLEND_Translucent, SpecialEngine=0, TwoSided=1, TSNormal=1, Masked=0, Distorted=0, WritesEveryPixel=1, ModifiesMeshPosition=0, Usage={}"
"/Engine/EditorMeshes/ColorCalibrator/M_ColorGrid.M_ColorGrid","21","45","0","1","645","Compiling M_ColorGrid: Platform=SF_VULKAN_ES31_ANDROID, Usage=LightingModel=MSM_DefaultLit, BlendMode=BLEND_Opaque, SpecialEngine=0, TwoSided=0, TSNormal=1, Masked=0, Distorted=0, WritesEveryPixel=1, ModifiesMeshPosition=0, Usage={bUsedWithStaticLighting}"
"/Engine/EditorMaterials/PreviewShadowIndicatorMaterial.PreviewShadowIndicatorMaterial","21","0","0","2","0","Compiling PreviewShadowIndicatorMaterial: Platform=SF_VULKAN_ES31_ANDROID, Usage=LightingModel=MSM_Unlit, BlendMode=BLEND_Opaque, SpecialEngine=0, TwoSided=0, TSNormal=1, Masked=0, Distorted=0, WritesEveryPixel=1, ModifiesMeshPosition=0, Usage={}"
"/Engine/EngineSky/M_Sky_Panning_Clouds2.M_Sky_Panning_Clouds2","21","0","0","2","0","Compiling M_Sky_Panning_Clouds2: Platform=SF_VULKAN_ES31_ANDROID, Usage=LightingModel=MSM_Unlit, BlendMode=BLEND_Opaque, SpecialEngine=0, TwoSided=0, TSNormal=1, Masked=0, Distorted=0, WritesEveryPixel=1, ModifiesMeshPosition=0, Usage={bUsedWithStaticLighting,bUsedWithNanite}"
"/Engine/EditorMaterials/MatineeCam_mat.MatineeCam_mat","21","0","0","15","0","Compiling MatineeCam_mat: Platform=SF_VULKAN_ES31_ANDROID, Usage=LightingModel=MSM_DefaultLit, BlendMode=BLEND_Opaque, SpecialEngine=0, TwoSided=0, TSNormal=1, Masked=0, Distorted=0, WritesEveryPixel=1, ModifiesMeshPosition=0, Usage={}"
"/Engine/VREditor/BasicMeshes/M_Floor_01.M_Floor_01","21","0","0","45","0","Compiling M_Floor_01: Platform=SF_VULKAN_ES31_ANDROID, Usage=LightingModel=MSM_DefaultLit, BlendMode=BLEND_Opaque, SpecialEngine=0, TwoSided=0, TSNormal=1, Masked=0, Distorted=0, WritesEveryPixel=1, ModifiesMeshPosition=0, Usage={bUsedWithStaticLighting}"
"/SpeedTreeImporter/SpeedTree9/SpeedTreeBillboardMaster.SpeedTreeBillboardMaster","21","0","0","44","0","Compiling SpeedTreeBillboardMaster: Platform=SF_VULKAN_ES31_ANDROID, Usage=LightingModel=MSM_TwoSidedFoliage, BlendMode=BLEND_Masked, SpecialEngine=0, TwoSided=0, TSNormal=1, Masked=1, Distorted=0, WritesEveryPixel=0, ModifiesMeshPosition=1, Usage={bUsedWithInstancedStaticMeshes}"
"/SpeedTreeImporter/SpeedTree9/SpeedTreeMaster.SpeedTreeMaster","21","0","0","104","0","Compiling SpeedTreeMaster: Platform=SF_VULKAN_ES31_ANDROID, Usage=LightingModel=MSM_TwoSidedFoliage, BlendMode=BLEND_Masked, SpecialEngine=0, TwoSided=1, TSNormal=1, Masked=1, Distorted=0, WritesEveryPixel=0, ModifiesMeshPosition=1, Usage={bUsedWithStaticLighting,bUsedWithInstancedStaticMeshes}"
"/Game/MaterialFunctionCollection/Materials/Materials/Pulse/M_StatueGlass_Pulse.M_StatueGlass_Pulse","21","32","0","1","385","Compiling M_StatueGlass_Pulse: Platform=SF_VULKAN_ES31_ANDROID, Usage=LightingModel=MSM_DefaultLit, BlendMode=BLEND_Translucent, SpecialEngine=0, TwoSided=0, TSNormal=1, Masked=0, Distorted=1, WritesEveryPixel=1, ModifiesMeshPosition=0, Usage={bUsedWithStaticLighting}"
"/Game/MaterialFunctionCollection/Materials/Materials/Pulse/M_StatueGlass_Pulse.M_StatueGlass_Pulse","21","32","0","1","457","Compiling M_StatueGlass_Pulse: Platform=SF_VULKAN_ES31_ANDROID, Usage=LightingModel=MSM_DefaultLit, BlendMode=BLEND_Translucent, SpecialEngine=0, TwoSided=0, TSNormal=1, Masked=0, Distorted=1, WritesEveryPixel=1, ModifiesMeshPosition=0, Usage={bUsedWithStaticLighting}, StaticSwitch'Additional Emissive?2-1'=False, StaticSwitch'Original Emissive Only?2-1'=False, StaticMask'Texture Mask2-1'=B"
"/Game/MaterialFunctionCollection/Materials/Materials/Pulse/M_Pulse.M_Pulse","21","30","0","1","340","Compiling M_Pulse: Platform=SF_VULKAN_ES31_ANDROID, Usage=LightingModel=MSM_DefaultLit, BlendMode=BLEND_Translucent, SpecialEngine=0, TwoSided=0, TSNormal=1, Masked=0, Distorted=0, WritesEveryPixel=1, ModifiesMeshPosition=0, Usage={bUsedWithStaticLighting}"
"/Game/MaterialFunctionCollection/Materials/Materials/Pulse/M_Pulse.M_Pulse","21","30","0","1","350","Compiling M_Pulse: Platform=SF_VULKAN_ES31_ANDROID, Usage=LightingModel=MSM_DefaultLit, BlendMode=BLEND_Translucent, SpecialEngine=0, TwoSided=0, TSNormal=1, Masked=0, Distorted=0, WritesEveryPixel=1, ModifiesMeshPosition=0, Usage={bUsedWithStaticLighting}, StaticSwitch'Additional Emissive?2-1'=True, StaticSwitch'Original Emissive Only?2-1'=False, StaticMask'Texture Mask2-1'=R"
"/Game/MaterialFunctionCollection/Materials/Materials/Pulse/M_Pulse.M_Pulse","21","30","0","1","316","Compiling M_Pulse: Platform=SF_VULKAN_ES31_ANDROID, Usage=LightingModel=MSM_DefaultLit, BlendMode=BLEND_Translucent, SpecialEngine=0, TwoSided=0, TSNormal=1, Masked=0, Distorted=0, WritesEveryPixel=1, ModifiesMeshPosition=0, Usage={bUsedWithStaticLighting}, StaticSwitch'Additional Emissive?2-1'=True, StaticSwitch'Original Emissive Only?2-1'=False, StaticMask'Texture Mask2-1'=G"
"/Game/MaterialFunctionCollection/Materials/Materials/WorldPosition/M_WorldPosition.M_WorldPosition","21","15","0","1","115","Compiling M_WorldPosition: Platform=SF_VULKAN_ES31_ANDROID, Usage=LightingModel=MSM_DefaultLit, BlendMode=BLEND_Opaque, SpecialEngine=0, TwoSided=0, TSNormal=1, Masked=0, Distorted=0, WritesEveryPixel=1, ModifiesMeshPosition=0, Usage={}"
"/Game/MaterialFunctionCollection/Materials/Materials/WorldPosition/M_WorldPosition.M_WorldPosition","21","15","0","1","104","Compiling M_WorldPosition: Platform=SF_VULKAN_ES31_ANDROID, Usage=LightingModel=MSM_DefaultLit, BlendMode=BLEND_Opaque, SpecialEngine=0, TwoSided=0, TSNormal=1, Masked=0, Distorted=0, WritesEveryPixel=1, ModifiesMeshPosition=0, Usage={}, StaticSwitch'Custom Orientation?2-1'=True, StaticSwitch'Emissive Texture?2-1'=False, StaticSwitch'Metallic Texture?2-1'=False, StaticSwitch'Normal Mask?2-1'=True, StaticSwitch'Roughness Texture?2-1'=False, StaticSwitch'Specular Texture?2-1'=False, StaticSwitch'Vertical?2-1'=False, StaticMask'Custom Orientation2-1'=RB, StaticMask'Mask - Emissive2-1'=R, StaticMask'Mask - Metallic2-1'=R, StaticMask'Mask - Normal2-1'=R, StaticMask'Mask - Roughness2-1'=R, StaticMask'Mask - Specular2-1'=R"
"/Game/MaterialFunctionCollection/Materials/Materials/WorldPosition/M_WorldPosition.M_WorldPosition","21","15","0","1","120","Compiling M_WorldPosition: Platform=SF_VULKAN_ES31_ANDROID, Usage=LightingModel=MSM_DefaultLit, BlendMode=BLEND_Opaque, SpecialEngine=0, TwoSided=0, TSNormal=1, Masked=0, Distorted=0, WritesEveryPixel=1, ModifiesMeshPosition=0, Usage={}, StaticSwitch'Custom Orientation?2-1'=False, StaticSwitch'Emissive Texture?2-1'=False, StaticSwitch'Metallic Texture?2-1'=False, StaticSwitch'Normal Mask?2-1'=True, StaticSwitch'Roughness Texture?2-1'=False, StaticSwitch'Specular Texture?2-1'=False, StaticSwitch'Vertical?2-1'=False, StaticMask'Custom Orientation2-1'=RG, StaticMask'Mask - Emissive2-1'=R, StaticMask'Mask - Metallic2-1'=R, StaticMask'Mask - Normal2-1'=R, StaticMask'Mask - Roughness2-1'=R, StaticMask'Mask - Specular2-1'=R"
"/Game/MaterialFunctionCollection/Materials/Materials/WorldPosition/M_WorldPosition.M_WorldPosition","21","15","0","1","97","Compiling M_WorldPosition: Platform=SF_VULKAN_ES31_ANDROID, Usage=LightingModel=MSM_DefaultLit, BlendMode=BLEND_Opaque, SpecialEngine=0, TwoSided=0, TSNormal=1, Masked=0, Distorted=0, WritesEveryPixel=1, ModifiesMeshPosition=0, Usage={}, StaticSwitch'Custom Orientation?2-1'=False, StaticSwitch'Emissive Texture?2-1'=True, StaticSwitch'Metallic Texture?2-1'=True, StaticSwitch'Normal Mask?2-1'=True, StaticSwitch'Roughness Texture?2-1'=False, StaticSwitch'Specular Texture?2-1'=False, StaticSwitch'Vertical?2-1'=True, StaticMask'Custom Orientation2-1'=RG, StaticMask'Mask - Emissive2-1'=R, StaticMask'Mask - Metallic2-1'=R, StaticMask'Mask - Normal2-1'=R, StaticMask'Mask - Roughness2-1'=R, StaticMask'Mask - Specular2-1'=R"
"/Game/MaterialFunctionCollection/Materials/Materials/BasicParameters/M_Test.M_Test","21","15","0","1","134","Compiling M_Test: Platform=SF_VULKAN_ES31_ANDROID, Usage=LightingModel=MSM_DefaultLit, BlendMode=BLEND_Opaque, SpecialEngine=0, TwoSided=0, TSNormal=1, Masked=0, Distorted=0, WritesEveryPixel=1, ModifiesMeshPosition=0, Usage={}"
"/Game/MaterialFunctionCollection/Materials/Materials/Emissive/M_StatueGlass_Emissive.M_StatueGlass_Emissive","21","32","0","1","310","Compiling M_StatueGlass_Emissive: Platform=SF_VULKAN_ES31_ANDROID, Usage=LightingModel=MSM_DefaultLit, BlendMode=BLEND_Translucent, SpecialEngine=0, TwoSided=0, TSNormal=1, Masked=0, Distorted=1, WritesEveryPixel=1, ModifiesMeshPosition=0, Usage={bUsedWithStaticLighting}"
"/Game/MaterialFunctionCollection/Materials/Materials/Emissive/M_StatueGlass_Emissive.M_StatueGlass_Emissive","21","32","0","1","305","Compiling M_StatueGlass_Emissive: Platform=SF_VULKAN_ES31_ANDROID, Usage=LightingModel=MSM_DefaultLit, BlendMode=BLEND_Translucent, SpecialEngine=0, TwoSided=0, TSNormal=1, Masked=0, Distorted=1, WritesEveryPixel=1, ModifiesMeshPosition=0, Usage={bUsedWithStaticLighting}, StaticSwitch'Color Lerp?2-1'=True, StaticSwitch'Double Color2-1'=False, StaticSwitch'Main Invert Texture2-1'=False, StaticSwitch'Secondary Invert Texture2-1'=False, StaticMask'Main Mask2-1'=R, StaticMask'Secondary Mask2-1'=B"
"/Game/MaterialFunctionCollection/ShowcaseAssets/DemoRoom/Materials/M_DemoWallPattern.M_DemoWallPattern","21","45","0","1","586","Compiling M_DemoWallPattern: Platform=SF_VULKAN_ES31_ANDROID, Usage=LightingModel=MSM_DefaultLit, BlendMode=BLEND_Opaque, SpecialEngine=0, TwoSided=0, TSNormal=1, Masked=0, Distorted=0, WritesEveryPixel=1, ModifiesMeshPosition=0, Usage={bUsedWithStaticLighting}, StaticSwitch'MirrorText2-1'=False, StaticSwitch'UseDecal2-1'=False, StaticSwitch'UseDecal_12-1'=False, StaticSwitch'UseDecal_22-1'=True"
"/Game/MaterialFunctionCollection/Materials/Materials/Emissive/M_Emissive.M_Emissive","21","45","0","1","673","Compiling M_Emissive: Platform=SF_VULKAN_ES31_ANDROID, Usage=LightingModel=MSM_DefaultLit, BlendMode=BLEND_Opaque, SpecialEngine=0, TwoSided=0, TSNormal=1, Masked=0, Distorted=0, WritesEveryPixel=1, ModifiesMeshPosition=0, Usage={bUsedWithStaticLighting}, StaticSwitch'Color Lerp?2-1'=True, StaticSwitch'Double Color2-1'=True, StaticSwitch'Main Invert Texture2-1'=False, StaticSwitch'Secondary Invert Texture2-1'=False, StaticMask'Main Mask2-1'=B, StaticMask'Secondary Mask2-1'=B"
"/Game/MaterialFunctionCollection/Materials/Materials/Emissive/M_Emissive.M_Emissive","21","45","0","1","800","Compiling M_Emissive: Platform=SF_VULKAN_ES31_ANDROID, Usage=LightingModel=MSM_DefaultLit, BlendMode=BLEND_Opaque, SpecialEngine=0, TwoSided=0, TSNormal=1, Masked=0, Distorted=0, WritesEveryPixel=1, ModifiesMeshPosition=0, Usage={bUsedWithStaticLighting}, StaticSwitch'Color Lerp?2-1'=True, StaticSwitch'Double Color2-1'=True, StaticSwitch'Main Invert Texture2-1'=False, StaticSwitch'Secondary Invert Texture2-1'=False, StaticMask'Main Mask2-1'=R, StaticMask'Secondary Mask2-1'=B"
"/Game/MaterialFunctionCollection/Materials/Materials/Emissive/M_Emissive.M_Emissive","21","45","0","1","785","Compiling M_Emissive: Platform=SF_VULKAN_ES31_ANDROID, Usage=LightingModel=MSM_DefaultLit, BlendMode=BLEND_Opaque, SpecialEngine=0, TwoSided=0, TSNormal=1, Masked=0, Distorted=0, WritesEveryPixel=1, ModifiesMeshPosition=0, Usage={bUsedWithStaticLighting}, StaticSwitch'Color Lerp?2-1'=False, StaticSwitch'Double Color2-1'=True, StaticSwitch'Main Invert Texture2-1'=False, StaticSwitch'Secondary Invert Texture2-1'=False, StaticMask'Main Mask2-1'=R, StaticMask'Secondary Mask2-1'=B"
"/Game/MaterialFunctionCollection/Materials/Materials/Emissive/M_Emissive.M_Emissive","21","45","0","4","417","Compiling M_Emissive: Platform=SF_VULKAN_ES31_ANDROID, Usage=LightingModel=MSM_DefaultLit, BlendMode=BLEND_Opaque, SpecialEngine=0, TwoSided=0, TSNormal=1, Masked=0, Distorted=0, WritesEveryPixel=1, ModifiesMeshPosition=0, Usage={bUsedWithStaticLighting}"
"/Game/MaterialFunctionCollection/Materials/Materials/Scanline/M_StatueGlass_Scanline.M_StatueGlass_Scanline","21","32","0","1","414","Compiling M_StatueGlass_Scanline: Platform=SF_VULKAN_ES31_ANDROID, Usage=LightingModel=MSM_DefaultLit, BlendMode=BLEND_Translucent, SpecialEngine=0, TwoSided=0, TSNormal=1, Masked=0, Distorted=1, WritesEveryPixel=1, ModifiesMeshPosition=0, Usage={bUsedWithStaticLighting}, StaticSwitch'Custom Pattern?2-1'=False, StaticSwitch'Horizontal?2-1'=True, StaticSwitch'JustLine2-1'=True"
"/Game/MaterialFunctionCollection/Materials/Materials/Scanline/M_StatueGlass_Scanline.M_StatueGlass_Scanline","21","32","0","1","446","Compiling M_StatueGlass_Scanline: Platform=SF_VULKAN_ES31_ANDROID, Usage=LightingModel=MSM_DefaultLit, BlendMode=BLEND_Translucent, SpecialEngine=0, TwoSided=0, TSNormal=1, Masked=0, Distorted=1, WritesEveryPixel=1, ModifiesMeshPosition=0, Usage={bUsedWithStaticLighting}"
"/Game/MaterialFunctionCollection/Materials/Materials/Scanline/M_Scanline.M_Scanline","21","45","0","1","865","Compiling M_Scanline: Platform=SF_VULKAN_ES31_ANDROID, Usage=LightingModel=MSM_DefaultLit, BlendMode=BLEND_Opaque, SpecialEngine=0, TwoSided=0, TSNormal=1, Masked=0, Distorted=0, WritesEveryPixel=1, ModifiesMeshPosition=0, Usage={bUsedWithStaticLighting}, StaticSwitch'Custom Pattern?2-1'=False, StaticSwitch'Horizontal?2-1'=False, StaticSwitch'JustLine2-1'=True, StaticMask'Texture Mask2-1'=R"
"/Game/MaterialFunctionCollection/Materials/Materials/Scanline/M_Scanline.M_Scanline","21","45","0","1","835","Compiling M_Scanline: Platform=SF_VULKAN_ES31_ANDROID, Usage=LightingModel=MSM_DefaultLit, BlendMode=BLEND_Opaque, SpecialEngine=0, TwoSided=0, TSNormal=1, Masked=0, Distorted=0, WritesEveryPixel=1, ModifiesMeshPosition=0, Usage={bUsedWithStaticLighting}, StaticSwitch'Custom Pattern?2-1'=False, StaticSwitch'Horizontal?2-1'=True, StaticSwitch'JustLine2-1'=True, StaticMask'Texture Mask2-1'=R"
"/Game/MaterialFunctionCollection/Materials/Materials/Scanline/M_Scanline.M_Scanline","21","45","0","6","557","Compiling M_Scanline: Platform=SF_VULKAN_ES31_ANDROID, Usage=LightingModel=MSM_DefaultLit, BlendMode=BLEND_Opaque, SpecialEngine=0, TwoSided=0, TSNormal=1, Masked=0, Distorted=0, WritesEveryPixel=1, ModifiesMeshPosition=0, Usage={bUsedWithStaticLighting}"
"/Game/MaterialFunctionCollection/Materials/Materials/Scanline/M_Signs_Scanline.M_Signs_Scanline","21","45","0","1","776","Compiling M_Signs_Scanline: Platform=SF_VULKAN_ES31_ANDROID, Usage=LightingModel=MSM_DefaultLit, BlendMode=BLEND_Opaque, SpecialEngine=0, TwoSided=0, TSNormal=1, Masked=0, Distorted=0, WritesEveryPixel=1, ModifiesMeshPosition=0, Usage={bUsedWithStaticLighting}, StaticSwitch'Custom Pattern?2-1'=False, StaticSwitch'DiffuseColorMultiply2-1'=False, StaticSwitch'Emissive2-1'=True, StaticSwitch'Horizontal?2-1'=True, StaticSwitch'JustLine2-1'=False, StaticSwitch'True=G2-1'=False, StaticSwitch'True=R+G_F=B2-1'=False, StaticSwitch'UseBothMaskTypes2-1'=False, StaticSwitch'UseMaskedDiffuseEmissiveOnly2-1'=False"
"/Game/MaterialFunctionCollection/Materials/Materials/Scanline/M_Signs_Scanline.M_Signs_Scanline","21","45","0","5","762","Compiling M_Signs_Scanline: Platform=SF_VULKAN_ES31_ANDROID, Usage=LightingModel=MSM_DefaultLit, BlendMode=BLEND_Opaque, SpecialEngine=0, TwoSided=0, TSNormal=1, Masked=0, Distorted=0, WritesEveryPixel=1, ModifiesMeshPosition=0, Usage={bUsedWithStaticLighting}"
"/Game/MaterialFunctionCollection/Materials/Materials/Pulse/M_Signs_Pulse.M_Signs_Pulse","21","45","0","1","903","Compiling M_Signs_Pulse: Platform=SF_VULKAN_ES31_ANDROID, Usage=LightingModel=MSM_DefaultLit, BlendMode=BLEND_Opaque, SpecialEngine=0, TwoSided=0, TSNormal=1, Masked=0, Distorted=0, WritesEveryPixel=1, ModifiesMeshPosition=0, Usage={bUsedWithStaticLighting}, StaticSwitch'Additional Emissive?2-1'=True, StaticSwitch'DiffuseColorMultiply2-1'=False, StaticSwitch'Emissive2-1'=True, StaticSwitch'Original Emissive Only?2-1'=False, StaticSwitch'True=G2-1'=False, StaticSwitch'True=R+G_F=B2-1'=False, StaticSwitch'UseBothMaskTypes2-1'=False, StaticSwitch'UseMaskedDiffuseEmissiveOnly2-1'=False, StaticMask'Texture Mask2-1'=B"
"/Game/MaterialFunctionCollection/Materials/Materials/Pulse/M_Signs_Pulse.M_Signs_Pulse","21","45","0","1","861","Compiling M_Signs_Pulse: Platform=SF_VULKAN_ES31_ANDROID, Usage=LightingModel=MSM_DefaultLit, BlendMode=BLEND_Opaque, SpecialEngine=0, TwoSided=0, TSNormal=1, Masked=0, Distorted=0, WritesEveryPixel=1, ModifiesMeshPosition=0, Usage={bUsedWithStaticLighting}"
"/Game/MaterialFunctionCollection/Materials/Materials/Fresnel/M_Signs_Fresnel.M_Signs_Fresnel","21","45","0","1","709","Compiling M_Signs_Fresnel: Platform=SF_VULKAN_ES31_ANDROID, Usage=LightingModel=MSM_DefaultLit, BlendMode=BLEND_Opaque, SpecialEngine=0, TwoSided=0, TSNormal=1, Masked=0, Distorted=0, WritesEveryPixel=1, ModifiesMeshPosition=0, Usage={bUsedWithStaticLighting}, StaticSwitch'DiffuseColorMultiply2-1'=False, StaticSwitch'Disable Fresnel Color2-1'=False, StaticSwitch'Emissive2-1'=True, StaticSwitch'Fresnel2-1'=True, StaticSwitch'True=G2-1'=False, StaticSwitch'True=R+G_F=B2-1'=False, StaticSwitch'UseBothMaskTypes2-1'=False, StaticSwitch'UseMaskedDiffuseEmissiveOnly2-1'=False"
"/Game/MaterialFunctionCollection/Materials/Materials/Fresnel/M_Signs_Fresnel.M_Signs_Fresnel","21","45","0","6","590","Compiling M_Signs_Fresnel: Platform=SF_VULKAN_ES31_ANDROID, Usage=LightingModel=MSM_DefaultLit, BlendMode=BLEND_Opaque, SpecialEngine=0, TwoSided=0, TSNormal=1, Masked=0, Distorted=0, WritesEveryPixel=1, ModifiesMeshPosition=0, Usage={bUsedWithStaticLighting}"
"/Game/MaterialFunctionCollection/Materials/Materials/Emissive/M_Signs_Emissive.M_Signs_Emissive","21","45","0","1","822","Compiling M_Signs_Emissive: Platform=SF_VULKAN_ES31_ANDROID, Usage=LightingModel=MSM_DefaultLit, BlendMode=BLEND_Opaque, SpecialEngine=0, TwoSided=0, TSNormal=1, Masked=0, Distorted=0, WritesEveryPixel=1, ModifiesMeshPosition=0, Usage={bUsedWithStaticLighting}, StaticSwitch'Color Lerp?2-1'=False, StaticSwitch'DiffuseColorMultiply2-1'=False, StaticSwitch'Double Color2-1'=False, StaticSwitch'Emissive2-1'=True, StaticSwitch'Main Invert Texture2-1'=False, StaticSwitch'Secondary Invert Texture2-1'=False, StaticSwitch'True=G2-1'=False, StaticSwitch'True=R+G_F=B2-1'=False, StaticSwitch'UseBothMaskTypes2-1'=False, StaticSwitch'UseMaskedDiffuseEmissiveOnly2-1'=False, StaticMask'Main Mask2-1'=G, StaticMask'Secondary Mask2-1'=B"
"/Game/MaterialFunctionCollection/Materials/Materials/Emissive/M_Signs_Emissive.M_Signs_Emissive","21","45","0","6","355","Compiling M_Signs_Emissive: Platform=SF_VULKAN_ES31_ANDROID, Usage=LightingModel=MSM_DefaultLit, BlendMode=BLEND_Opaque, SpecialEngine=0, TwoSided=0, TSNormal=1, Masked=0, Distorted=0, WritesEveryPixel=1, ModifiesMeshPosition=0, Usage={bUsedWithStaticLighting}"
"/Game/MaterialFunctionCollection/Materials/Materials/Edge_Fade/M_Signs_EdgeFade.M_Signs_EdgeFade","21","30","0","1","386","Compiling M_Signs_EdgeFade: Platform=SF_VULKAN_ES31_ANDROID, Usage=LightingModel=MSM_DefaultLit, BlendMode=BLEND_Translucent, SpecialEngine=0, TwoSided=0, TSNormal=1, Masked=0, Distorted=0, WritesEveryPixel=1, ModifiesMeshPosition=0, Usage={bUsedWithStaticLighting}, StaticSwitch'Depth Fade2-1'=True, StaticSwitch'DiffuseColorMultiply2-1'=False, StaticSwitch'Emissive2-1'=True, StaticSwitch'Fresnel2-1'=True, StaticSwitch'True=G2-1'=False, StaticSwitch'True=R+G_F=B2-1'=False, StaticSwitch'UseBothMaskTypes2-1'=False, StaticSwitch'UseMaskedDiffuseEmissiveOnly2-1'=False"
"/Game/MaterialFunctionCollection/Materials/Materials/Edge_Fade/M_Signs_EdgeFade.M_Signs_EdgeFade","21","45","0","6","353","Compiling M_Signs_EdgeFade: Platform=SF_VULKAN_ES31_ANDROID, Usage=LightingModel=MSM_DefaultLit, BlendMode=BLEND_Opaque, SpecialEngine=0, TwoSided=0, TSNormal=1, Masked=0, Distorted=0, WritesEveryPixel=1, ModifiesMeshPosition=0, Usage={bUsedWithStaticLighting}"
"/Game/MaterialFunctionCollection/Materials/Materials/WorldPosition/M_Cave_Floor_WorldPosition.M_Cave_Floor_WorldPosition","21","45","0","1","851","Compiling M_Cave_Floor_WorldPosition: Platform=SF_VULKAN_ES31_ANDROID, Usage=LightingModel=MSM_DefaultLit, BlendMode=BLEND_Opaque, SpecialEngine=0, TwoSided=0, TSNormal=1, Masked=0, Distorted=0, WritesEveryPixel=1, ModifiesMeshPosition=0, Usage={bUsedWithStaticLighting}, StaticSwitch'Custom Orientation?2-1'=True, StaticSwitch'Vertical?2-1'=True, StaticMask'Custom Orientation2-1'=GB"
"/Game/MaterialFunctionCollection/Materials/Materials/WorldPosition/M_Cave_Floor_WorldPosition.M_Cave_Floor_WorldPosition","21","45","0","1","449","Compiling M_Cave_Floor_WorldPosition: Platform=SF_VULKAN_ES31_ANDROID, Usage=LightingModel=MSM_DefaultLit, BlendMode=BLEND_Opaque, SpecialEngine=0, TwoSided=0, TSNormal=1, Masked=0, Distorted=0, WritesEveryPixel=1, ModifiesMeshPosition=0, Usage={bUsedWithStaticLighting}"
"/Game/MaterialFunctionCollection/Materials/Materials/Scanline/M_Cave_Floor_Scanline.M_Cave_Floor_Scanline","21","45","0","1","821","Compiling M_Cave_Floor_Scanline: Platform=SF_VULKAN_ES31_ANDROID, Usage=LightingModel=MSM_DefaultLit, BlendMode=BLEND_Opaque, SpecialEngine=0, TwoSided=0, TSNormal=1, Masked=0, Distorted=0, WritesEveryPixel=1, ModifiesMeshPosition=0, Usage={bUsedWithStaticLighting}, StaticSwitch'Custom Pattern?2-1'=True, StaticSwitch'Horizontal?2-1'=False, StaticSwitch'JustLine2-1'=True"
"/Game/MaterialFunctionCollection/Materials/Materials/Scanline/M_Cave_Floor_Scanline.M_Cave_Floor_Scanline","21","45","0","3","828","Compiling M_Cave_Floor_Scanline: Platform=SF_VULKAN_ES31_ANDROID, Usage=LightingModel=MSM_DefaultLit, BlendMode=BLEND_Opaque, SpecialEngine=0, TwoSided=0, TSNormal=1, Masked=0, Distorted=0, WritesEveryPixel=1, ModifiesMeshPosition=0, Usage={bUsedWithStaticLighting}"
"/Game/MaterialFunctionCollection/Materials/Materials/Emissive/M_Cave_Floor_Emissive.M_Cave_Floor_Emissive","21","45","0","1","872","Compiling M_Cave_Floor_Emissive: Platform=SF_VULKAN_ES31_ANDROID, Usage=LightingModel=MSM_DefaultLit, BlendMode=BLEND_Opaque, SpecialEngine=0, TwoSided=0, TSNormal=1, Masked=0, Distorted=0, WritesEveryPixel=1, ModifiesMeshPosition=0, Usage={bUsedWithStaticLighting}, StaticSwitch'Color Lerp?2-1'=True, StaticSwitch'Double Color2-1'=False, StaticSwitch'Main Invert Texture2-1'=False, StaticSwitch'Secondary Invert Texture2-1'=False, StaticMask'Main Mask2-1'=R, StaticMask'Secondary Mask2-1'=B"
"/Game/MaterialFunctionCollection/Materials/Materials/Emissive/M_Cave_Floor_Emissive.M_Cave_Floor_Emissive","21","45","0","3","437","Compiling M_Cave_Floor_Emissive: Platform=SF_VULKAN_ES31_ANDROID, Usage=LightingModel=MSM_DefaultLit, BlendMode=BLEND_Opaque, SpecialEngine=0, TwoSided=0, TSNormal=1, Masked=0, Distorted=0, WritesEveryPixel=1, ModifiesMeshPosition=0, Usage={bUsedWithStaticLighting}"
"/Game/MaterialFunctionCollection/Materials/Materials/Edge_Fade/M_Cave_Floor_EdgeFade.M_Cave_Floor_EdgeFade","21","30","0","1","463","Compiling M_Cave_Floor_EdgeFade: Platform=SF_VULKAN_ES31_ANDROID, Usage=LightingModel=MSM_DefaultLit, BlendMode=BLEND_Translucent, SpecialEngine=0, TwoSided=0, TSNormal=1, Masked=0, Distorted=0, WritesEveryPixel=1, ModifiesMeshPosition=0, Usage={bUsedWithStaticLighting}, StaticSwitch'Depth Fade2-1'=True, StaticSwitch'Fresnel2-1'=False"
"/Game/MaterialFunctionCollection/Materials/Materials/Edge_Fade/M_Cave_Floor_EdgeFade.M_Cave_Floor_EdgeFade","21","45","0","5","450","Compiling M_Cave_Floor_EdgeFade: Platform=SF_VULKAN_ES31_ANDROID, Usage=LightingModel=MSM_DefaultLit, BlendMode=BLEND_Opaque, SpecialEngine=0, TwoSided=0, TSNormal=1, Masked=0, Distorted=0, WritesEveryPixel=1, ModifiesMeshPosition=0, Usage={bUsedWithStaticLighting}"
"/Game/MaterialFunctionCollection/Materials/Materials/Panner/M_Signs_Panner.M_Signs_Panner","21","45","0","1","980","Compiling M_Signs_Panner: Platform=SF_VULKAN_ES31_ANDROID, Usage=LightingModel=MSM_DefaultLit, BlendMode=BLEND_Opaque, SpecialEngine=0, TwoSided=0, TSNormal=1, Masked=0, Distorted=0, WritesEveryPixel=1, ModifiesMeshPosition=0, Usage={bUsedWithStaticLighting}, StaticSwitch'DiffuseColorMultiply2-1'=False, StaticSwitch'Dual Textures?2-1'=False, StaticSwitch'Emissive2-1'=True, StaticSwitch'True=G2-1'=False, StaticSwitch'True=R+G_F=B2-1'=False, StaticSwitch'UseBothMaskTypes2-1'=False, StaticSwitch'UseMaskedDiffuseEmissiveOnly2-1'=False, StaticMask'Texture_01_Mask2-1'=B, StaticMask'Texture_02_Mask2-1'=R"
"/Game/MaterialFunctionCollection/Materials/Materials/Panner/M_Signs_Panner.M_Signs_Panner","21","45","0","9","655","Compiling M_Signs_Panner: Platform=SF_VULKAN_ES31_ANDROID, Usage=LightingModel=MSM_DefaultLit, BlendMode=BLEND_Opaque, SpecialEngine=0, TwoSided=0, TSNormal=1, Masked=0, Distorted=0, WritesEveryPixel=1, ModifiesMeshPosition=0, Usage={bUsedWithStaticLighting}"
"/Game/MaterialFunctionCollection/Materials/Materials/Panner/M_Panner.M_Panner","21","45","0","1","1045","Compiling M_Panner: Platform=SF_VULKAN_ES31_ANDROID, Usage=LightingModel=MSM_DefaultLit, BlendMode=BLEND_Opaque, SpecialEngine=0, TwoSided=0, TSNormal=1, Masked=0, Distorted=0, WritesEveryPixel=1, ModifiesMeshPosition=0, Usage={bUsedWithStaticLighting}, StaticSwitch'Dual Textures?2-1'=True, StaticMask'Texture_01_Mask2-1'=B, StaticMask'Texture_02_Mask2-1'=R"
"/Game/MaterialFunctionCollection/Materials/Materials/Panner/M_Panner.M_Panner","21","45","0","1","1001","Compiling M_Panner: Platform=SF_VULKAN_ES31_ANDROID, Usage=LightingModel=MSM_DefaultLit, BlendMode=BLEND_Opaque, SpecialEngine=0, TwoSided=0, TSNormal=1, Masked=0, Distorted=0, WritesEveryPixel=1, ModifiesMeshPosition=0, Usage={bUsedWithStaticLighting}, StaticSwitch'Dual Textures?2-1'=False, StaticMask'Texture_01_Mask2-1'=B, StaticMask'Texture_02_Mask2-1'=R"
"/Game/MaterialFunctionCollection/Materials/Materials/Panner/M_Panner.M_Panner","21","45","0","32","476","Compiling M_Panner: Platform=SF_VULKAN_ES31_ANDROID, Usage=LightingModel=MSM_DefaultLit, BlendMode=BLEND_Opaque, SpecialEngine=0, TwoSided=0, TSNormal=1, Masked=0, Distorted=0, WritesEveryPixel=1, ModifiesMeshPosition=0, Usage={bUsedWithStaticLighting}"
"/Game/MaterialFunctionCollection/Materials/Materials/Panner/M_Cave_Floor_Panner.M_Cave_Floor_Panner","21","45","0","1","902","Compiling M_Cave_Floor_Panner: Platform=SF_VULKAN_ES31_ANDROID, Usage=LightingModel=MSM_DefaultLit, BlendMode=BLEND_Opaque, SpecialEngine=0, TwoSided=0, TSNormal=1, Masked=0, Distorted=0, WritesEveryPixel=1, ModifiesMeshPosition=0, Usage={bUsedWithStaticLighting}, StaticSwitch'Dual Textures?2-1'=False, StaticSwitch'EmissivePannerOnly?2-1'=True, StaticSwitch'Panner+Emissive?2-1'=True, StaticMask'Texture_01_Mask2-1'=G, StaticMask'Texture_02_Mask2-1'=R"
"/Game/MaterialFunctionCollection/Materials/Materials/Panner/M_Cave_Floor_Panner.M_Cave_Floor_Panner","21","45","0","1","594","Compiling M_Cave_Floor_Panner: Platform=SF_VULKAN_ES31_ANDROID, Usage=LightingModel=MSM_DefaultLit, BlendMode=BLEND_Opaque, SpecialEngine=0, TwoSided=0, TSNormal=1, Masked=0, Distorted=0, WritesEveryPixel=1, ModifiesMeshPosition=0, Usage={bUsedWithStaticLighting}"
"/Game/LevelPrototyping/Materials/M_PrototypeGrid.M_PrototypeGrid","21","45","0","1","971","Compiling M_PrototypeGrid: Platform=SF_VULKAN_ES31_ANDROID, Usage=LightingModel=MSM_DefaultLit, BlendMode=BLEND_Opaque, SpecialEngine=0, TwoSided=0, TSNormal=1, Masked=0, Distorted=0, WritesEveryPixel=1, ModifiesMeshPosition=0, Usage={bUsedWithStaticLighting}, StaticSwitch'ObjectAligned2-1'=True, StaticSwitch'TopSurfaceColor2-1'=True"
"/Game/LevelPrototyping/Materials/M_PrototypeGrid.M_PrototypeGrid","21","45","0","1","865","Compiling M_PrototypeGrid: Platform=SF_VULKAN_ES31_ANDROID, Usage=LightingModel=MSM_DefaultLit, BlendMode=BLEND_Opaque, SpecialEngine=0, TwoSided=0, TSNormal=1, Masked=0, Distorted=0, WritesEveryPixel=1, ModifiesMeshPosition=0, Usage={bUsedWithStaticLighting}, StaticSwitch'ObjectAligned2-1'=False, StaticSwitch'TopSurfaceColor2-1'=False"
"/Game/LevelPrototyping/Materials/M_PrototypeGrid.M_PrototypeGrid","21","0","0","45","0","Compiling M_PrototypeGrid: Platform=SF_VULKAN_ES31_ANDROID, Usage=LightingModel=MSM_DefaultLit, BlendMode=BLEND_Opaque, SpecialEngine=0, TwoSided=0, TSNormal=1, Masked=0, Distorted=0, WritesEveryPixel=1, ModifiesMeshPosition=0, Usage={bUsedWithStaticLighting}, StaticSwitch'ObjectAligned2-1'=True, StaticSwitch'TopSurfaceColor2-1'=False"
"/Game/LevelPrototyping/Materials/M_PrototypeGrid.M_PrototypeGrid","21","0","0","45","0","Compiling M_PrototypeGrid: Platform=SF_VULKAN_ES31_ANDROID, Usage=LightingModel=MSM_DefaultLit, BlendMode=BLEND_Opaque, SpecialEngine=0, TwoSided=0, TSNormal=1, Masked=0, Distorted=0, WritesEveryPixel=1, ModifiesMeshPosition=0, Usage={bUsedWithStaticLighting}"
"/Game/MaterialFunctionCollection/Materials/Materials/Dissolve_Positional/M_PositionalDissolve.M_PositionalDissolve","21","30","0","2","473","Compiling M_PositionalDissolve: Platform=SF_VULKAN_ES31_ANDROID, Usage=LightingModel=MSM_DefaultLit, BlendMode=BLEND_Translucent, SpecialEngine=0, TwoSided=0, TSNormal=1, Masked=0, Distorted=0, WritesEveryPixel=1, ModifiesMeshPosition=0, Usage={bUsedWithStaticLighting}, StaticMask'Mask2-1'=R"
"/Game/MaterialFunctionCollection/Materials/Materials/Dissolve_Positional/M_PositionalDissolve.M_PositionalDissolve","21","30","0","30","30","Compiling M_PositionalDissolve: Platform=SF_VULKAN_ES31_ANDROID, Usage=LightingModel=MSM_DefaultLit, BlendMode=BLEND_Translucent, SpecialEngine=0, TwoSided=0, TSNormal=1, Masked=0, Distorted=0, WritesEveryPixel=1, ModifiesMeshPosition=0, Usage={bUsedWithStaticLighting}"
"/Game/VRTemplate/Materials/M_GridRotation.M_GridRotation","21","0","0","45","0","Compiling M_GridRotation: Platform=SF_VULKAN_ES31_ANDROID, Usage=LightingModel=MSM_DefaultLit, BlendMode=BLEND_Opaque, SpecialEngine=0, TwoSided=0, TSNormal=1, Masked=0, Distorted=0, WritesEveryPixel=1, ModifiesMeshPosition=0, Usage={bUsedWithStaticLighting}, StaticSwitch'WorldAligned2-1'=True"
"/Game/VRTemplate/Materials/M_GridRotation.M_GridRotation","21","0","0","45","0","Compiling M_GridRotation: Platform=SF_VULKAN_ES31_ANDROID, Usage=LightingModel=MSM_DefaultLit, BlendMode=BLEND_Opaque, SpecialEngine=0, TwoSided=0, TSNormal=1, Masked=0, Distorted=0, WritesEveryPixel=1, ModifiesMeshPosition=0, Usage={bUsedWithStaticLighting}, StaticSwitch'WorldAligned2-1'=False"
"/Game/VRTemplate/Materials/M_GridRotation.M_GridRotation","21","0","0","45","0","Compiling M_GridRotation: Platform=SF_VULKAN_ES31_ANDROID, Usage=LightingModel=MSM_DefaultLit, BlendMode=BLEND_Opaque, SpecialEngine=0, TwoSided=0, TSNormal=1, Masked=0, Distorted=0, WritesEveryPixel=1, ModifiesMeshPosition=0, Usage={bUsedWithStaticLighting}"
"/Game/MaterialFunctionCollection/Materials/Materials/Dissolve/M_StatueGlass_Dissolve.M_StatueGlass_Dissolve","21","32","0","1","502","Compiling M_StatueGlass_Dissolve: Platform=SF_VULKAN_ES31_ANDROID, Usage=LightingModel=MSM_DefaultLit, BlendMode=BLEND_Translucent, SpecialEngine=0, TwoSided=0, TSNormal=1, Masked=0, Distorted=1, WritesEveryPixel=1, ModifiesMeshPosition=0, Usage={bUsedWithStaticLighting}, StaticMask'Mask2-1'=R"
"/Game/MaterialFunctionCollection/Materials/Materials/Dissolve/M_StatueGlass_Dissolve.M_StatueGlass_Dissolve","21","32","0","32","32","Compiling M_StatueGlass_Dissolve: Platform=SF_VULKAN_ES31_ANDROID, Usage=LightingModel=MSM_DefaultLit, BlendMode=BLEND_Translucent, SpecialEngine=0, TwoSided=0, TSNormal=1, Masked=0, Distorted=1, WritesEveryPixel=1, ModifiesMeshPosition=0, Usage={bUsedWithStaticLighting}"
"/Game/MaterialFunctionCollection/Materials/Materials/Dissolve/M_Dissolve.M_Dissolve","21","30","0","1","450","Compiling M_Dissolve: Platform=SF_VULKAN_ES31_ANDROID, Usage=LightingModel=MSM_DefaultLit, BlendMode=BLEND_Translucent, SpecialEngine=0, TwoSided=0, TSNormal=1, Masked=0, Distorted=0, WritesEveryPixel=1, ModifiesMeshPosition=0, Usage={bUsedWithStaticLighting}, StaticMask'Mask2-1'=R"
"/Game/MaterialFunctionCollection/Materials/Materials/Dissolve/M_Dissolve.M_Dissolve","21","30","0","30","30","Compiling M_Dissolve: Platform=SF_VULKAN_ES31_ANDROID, Usage=LightingModel=MSM_DefaultLit, BlendMode=BLEND_Translucent, SpecialEngine=0, TwoSided=0, TSNormal=1, Masked=0, Distorted=0, WritesEveryPixel=1, ModifiesMeshPosition=0, Usage={bUsedWithStaticLighting}"
"/Game/MaterialFunctionCollection/Materials/Materials/Dissolve/M_Cave_Dissolve.M_Cave_Dissolve","21","52","0","3","914","Compiling M_Cave_Dissolve: Platform=SF_VULKAN_ES31_ANDROID, Usage=LightingModel=MSM_DefaultLit, BlendMode=BLEND_Masked, SpecialEngine=0, TwoSided=0, TSNormal=1, Masked=1, Distorted=0, WritesEveryPixel=0, ModifiesMeshPosition=0, Usage={bUsedWithStaticLighting}"
"/Game/MaterialFunctionCollection/ShowcaseAssets/ExampleContent/Materials/ExampleAsset/Materials/M_BlueprintRocket.M_BlueprintRocket","21","51","51","3","1125","Compiling M_BlueprintRocket: Platform=SF_VULKAN_ES31_ANDROID, Usage=LightingModel=MSM_DefaultLit, BlendMode=BLEND_Opaque, SpecialEngine=0, TwoSided=0, TSNormal=1, Masked=0, Distorted=0, WritesEveryPixel=1, ModifiesMeshPosition=1, Usage={bUsedWithStaticLighting}"
"/Game/MaterialFunctionCollection/ShowcaseAssets/SoulCity/Environment/Materials/Building/M_Signs.M_Signs","21","45","0","4","396","Compiling M_Signs: Platform=SF_VULKAN_ES31_ANDROID, Usage=LightingModel=MSM_DefaultLit, BlendMode=BLEND_Opaque, SpecialEngine=0, TwoSided=0, TSNormal=1, Masked=0, Distorted=0, WritesEveryPixel=1, ModifiesMeshPosition=0, Usage={bUsedWithStaticLighting}"
"/Engine/EditorMaterials/Thumbnails/SkySphereMaterial.SkySphereMaterial","21","45","0","6","324","Compiling SkySphereMaterial: Platform=SF_VULKAN_ES31_ANDROID, Usage=LightingModel=MSM_DefaultLit, BlendMode=BLEND_Opaque, SpecialEngine=0, TwoSided=0, TSNormal=1, Masked=0, Distorted=0, WritesEveryPixel=1, ModifiesMeshPosition=0, Usage={bUsedWithStaticLighting,bUsedWithNanite}"
"/Game/VRTemplate/Materials/M_TeleportCylinder.M_TeleportCylinder","21","0","0","8","0","Compiling M_TeleportCylinder: Platform=SF_VULKAN_ES31_ANDROID, Usage=LightingModel=MSM_Unlit, BlendMode=BLEND_Additive, SpecialEngine=0, TwoSided=1, TSNormal=1, Masked=0, Distorted=0, WritesEveryPixel=1, ModifiesMeshPosition=0, Usage={bUsedWithStaticLighting,bUsedWithNiagaraRibbons,bUsedWithNiagaraMeshParticles}"
"/Game/MaterialFunctionCollection/Materials/Materials/Panner/M_StatueGlass_Panner.M_StatueGlass_Panner","21","32","0","5","205","Compiling M_StatueGlass_Panner: Platform=SF_VULKAN_ES31_ANDROID, Usage=LightingModel=MSM_DefaultLit, BlendMode=BLEND_Translucent, SpecialEngine=0, TwoSided=0, TSNormal=1, Masked=0, Distorted=1, WritesEveryPixel=1, ModifiesMeshPosition=0, Usage={bUsedWithStaticLighting}"
"/Game/MaterialFunctionCollection/ShowcaseAssets/SoulCity/Environment/Materials/Building/M_Cave_Floor.M_Cave_Floor","21","45","0","5","340","Compiling M_Cave_Floor: Platform=SF_VULKAN_ES31_ANDROID, Usage=LightingModel=MSM_DefaultLit, BlendMode=BLEND_Opaque, SpecialEngine=0, TwoSided=0, TSNormal=1, Masked=0, Distorted=0, WritesEveryPixel=1, ModifiesMeshPosition=0, Usage={bUsedWithStaticLighting}"
"/Game/MaterialFunctionCollection/Materials/Materials/WorldPosition/M_Signs_WorldPosition.M_Signs_WorldPosition","21","45","0","6","348","Compiling M_Signs_WorldPosition: Platform=SF_VULKAN_ES31_ANDROID, Usage=LightingModel=MSM_DefaultLit, BlendMode=BLEND_Opaque, SpecialEngine=0, TwoSided=0, TSNormal=1, Masked=0, Distorted=0, WritesEveryPixel=1, ModifiesMeshPosition=0, Usage={bUsedWithStaticLighting}"
"/Game/MaterialFunctionCollection/Materials/Materials/WindWave/M_Signs_WindWave.M_Signs_WindWave","21","51","0","6","1245","Compiling M_Signs_WindWave: Platform=SF_VULKAN_ES31_ANDROID, Usage=LightingModel=MSM_DefaultLit, BlendMode=BLEND_Opaque, SpecialEngine=0, TwoSided=0, TSNormal=1, Masked=0, Distorted=0, WritesEveryPixel=1, ModifiesMeshPosition=1, Usage={bUsedWithStaticLighting}"
"/Game/VRTemplate/Materials/M_TeleportNoise.M_TeleportNoise","21","0","0","8","0","Compiling M_TeleportNoise: Platform=SF_VULKAN_ES31_ANDROID, Usage=LightingModel=MSM_Unlit, BlendMode=BLEND_Additive, SpecialEngine=0, TwoSided=0, TSNormal=1, Masked=0, Distorted=0, WritesEveryPixel=1, ModifiesMeshPosition=0, Usage={bUsedWithStaticLighting,bUsedWithNiagaraRibbons,bUsedWithNiagaraMeshParticles}"
"/Game/MaterialFunctionCollection/Materials/Materials/WindWave/M_Cave_Floor_WindWave.M_Cave_Floor_WindWave","21","51","0","5","464","Compiling M_Cave_Floor_WindWave: Platform=SF_VULKAN_ES31_ANDROID, Usage=LightingModel=MSM_DefaultLit, BlendMode=BLEND_Opaque, SpecialEngine=0, TwoSided=0, TSNormal=1, Masked=0, Distorted=0, WritesEveryPixel=1, ModifiesMeshPosition=1, Usage={bUsedWithStaticLighting}"
"/Game/MaterialFunctionCollection/Materials/Materials/Pulse/M_Cave_Floor_Pulse.M_Cave_Floor_Pulse","21","45","0","2","789","Compiling M_Cave_Floor_Pulse: Platform=SF_VULKAN_ES31_ANDROID, Usage=LightingModel=MSM_DefaultLit, BlendMode=BLEND_Opaque, SpecialEngine=0, TwoSided=0, TSNormal=1, Masked=0, Distorted=0, WritesEveryPixel=1, ModifiesMeshPosition=0, Usage={bUsedWithStaticLighting}"
"/Game/MaterialFunctionCollection/Materials/Materials/Fresnel/M_Cave_Floor_Fresnel.M_Cave_Floor_Fresnel","21","45","0","6","676","Compiling M_Cave_Floor_Fresnel: Platform=SF_VULKAN_ES31_ANDROID, Usage=LightingModel=MSM_DefaultLit, BlendMode=BLEND_Opaque, SpecialEngine=0, TwoSided=0, TSNormal=1, Masked=0, Distorted=0, WritesEveryPixel=1, ModifiesMeshPosition=0, Usage={bUsedWithStaticLighting}"
"/Game/FPWeapon/Materials/M_FPGun.M_FPGun","21","0","0","44","0","Compiling M_FPGun: Platform=SF_VULKAN_ES31_ANDROID, Usage=LightingModel=MSM_DefaultLit, BlendMode=BLEND_Masked, SpecialEngine=0, TwoSided=0, TSNormal=1, Masked=1, Distorted=0, WritesEveryPixel=0, ModifiesMeshPosition=1, Usage={bUsedWithSkeletalMesh}"
"/Game/MaterialFunctionCollection/Materials/Materials/Dissolve_Positional/M_StatueGlass_Dissolve_Positional.M_StatueGlass_Dissolve_Positional","21","32","0","7","209","Compiling M_StatueGlass_Dissolve_Positional: Platform=SF_VULKAN_ES31_ANDROID, Usage=LightingModel=MSM_DefaultLit, BlendMode=BLEND_Translucent, SpecialEngine=0, TwoSided=0, TSNormal=1, Masked=0, Distorted=1, WritesEveryPixel=1, ModifiesMeshPosition=0, Usage={bUsedWithStaticLighting}"
"/Game/MaterialFunctionCollection/Materials/Materials/Dissolve_Positional/M_Sign_Dissolve_Positional.M_Sign_Dissolve_Positional","21","52","0","5","490","Compiling M_Sign_Dissolve_Positional: Platform=SF_VULKAN_ES31_ANDROID, Usage=LightingModel=MSM_DefaultLit, BlendMode=BLEND_Masked, SpecialEngine=0, TwoSided=0, TSNormal=1, Masked=1, Distorted=0, WritesEveryPixel=0, ModifiesMeshPosition=0, Usage={bUsedWithStaticLighting}"
"/Game/MaterialFunctionCollection/Materials/Materials/Dissolve_Positional/M_Cave_Floor_Dissolve_Positional.M_Cave_Floor_Dissolve_Positional","21","52","0","5","412","Compiling M_Cave_Floor_Dissolve_Positional: Platform=SF_VULKAN_ES31_ANDROID, Usage=LightingModel=MSM_DefaultLit, BlendMode=BLEND_Masked, SpecialEngine=0, TwoSided=0, TSNormal=1, Masked=1, Distorted=0, WritesEveryPixel=0, ModifiesMeshPosition=0, Usage={bUsedWithStaticLighting}"
"/Game/MaterialFunctionCollection/Materials/Materials/Dissolve/M_Signs_Dissolve.M_Signs_Dissolve","21","52","0","2","482","Compiling M_Signs_Dissolve: Platform=SF_VULKAN_ES31_ANDROID, Usage=LightingModel=MSM_DefaultLit, BlendMode=BLEND_Masked, SpecialEngine=0, TwoSided=0, TSNormal=1, Masked=1, Distorted=0, WritesEveryPixel=0, ModifiesMeshPosition=0, Usage={bUsedWithStaticLighting}"
"/Game/MaterialFunctionCollection/ShowcaseAssets/ExampleContent/Materials/ExampleAsset/Materials/M_RocketMaterial_Example01.M_RocketMaterial_Example01","21","52","52","4","862","Compiling M_RocketMaterial_Example01: Platform=SF_VULKAN_ES31_ANDROID, Usage=LightingModel=MSM_DefaultLit, BlendMode=BLEND_Masked, SpecialEngine=0, TwoSided=0, TSNormal=1, Masked=1, Distorted=0, WritesEveryPixel=0, ModifiesMeshPosition=1, Usage={bUsedWithStaticLighting}"
